Year,Month,Day,SGD_per_100_INR
2006,Jan,03,3.6805
2006,Jan,04,3.6787
2006,Jan,05,3.6867
2006,Jan,06,3.6825
2006,Jan,09,3.6863
2006,Jan,11,3.7069
2006,Jan,12,3.6775
2006,Jan,13,3.6815
2006,Jan,16,3.6826
2006,Jan,17,3.6824
2006,Jan,18,3.6757
2006,Jan,19,3.6745
2006,Jan,20,3.6797
2006,Jan,23,3.6786
2006,Jan,24,3.6670
2006,Jan,25,3.6598
2006,Jan,26,3.6772
2006,Jan,27,3.6726
2006,Feb,01,3.6801
2006,Feb,02,3.6848
2006,Feb,03,3.6927
2006,Feb,06,3.6802
2006,Feb,07,3.6837
2006,Feb,08,3.6890
2006,Feb,09,3.7009
2006,Feb,10,3.6855
2006,Feb,13,3.6814
2006,Feb,14,3.6821
2006,Feb,15,3.6833
2006,Feb,16,3.6825
2006,Feb,17,3.6834
2006,Feb,20,3.6693
2006,Feb,21,3.6728
2006,Feb,22,3.6659
2006,Feb,23,3.6564
2006,Feb,24,3.6581
2006,Feb,27,3.6561
2006,Feb,28,3.6481
2006,Mar,01,3.6550
2006,Mar,02,3.6489
2006,Mar,03,3.6514
2006,Mar,06,3.6594
2006,Mar,07,3.6680
2006,Mar,08,3.6769
2006,Mar,09,3.6626
2006,Mar,10,3.6597
2006,Mar,13,3.6557
2006,Mar,14,3.6538
2006,Mar,15,3.6594
2006,Mar,16,3.6455
2006,Mar,17,3.6478
2006,Mar,20,3.6405
2006,Mar,21,3.6405
2006,Mar,22,3.6413
2006,Mar,23,3.6328
2006,Mar,24,3.6294
2006,Mar,27,3.6218
2006,Mar,28,3.6195
2006,Mar,29,3.6255
2006,Mar,30,3.6377
2006,Mar,31,3.6281
2006,Apr,03,3.6246
2006,Apr,04,3.6251
2006,Apr,05,3.5912
2006,Apr,06,3.6117
2006,Apr,07,3.5872
2006,Apr,10,3.5883
2006,Apr,11,3.6085
2006,Apr,12,3.5918
2006,Apr,13,3.5473
2006,Apr,17,3.5561
2006,Apr,18,3.5530
2006,Apr,19,3.5427
2006,Apr,20,3.5423
2006,Apr,21,3.5412
2006,Apr,24,3.5307
2006,Apr,25,3.5428
2006,Apr,26,3.5270
2006,Apr,27,3.5219
2006,Apr,28,3.5174
2006,May,02,3.5160
2006,May,03,3.5078
2006,May,04,3.5067
2006,May,05,3.5164
2006,May,08,3.4909
2006,May,09,3.4975
2006,May,10,3.4890
2006,May,11,3.4865
2006,May,15,3.4730
2006,May,16,3.4657
2006,May,17,3.4642
2006,May,18,3.4625
2006,May,19,3.4803
2006,May,22,3.4824
2006,May,23,3.4731
2006,May,24,3.4798
2006,May,25,3.4571
2006,May,26,3.4464
2006,May,29,3.4373
2006,May,30,3.4207
2006,May,31,3.3890
2006,Jun,01,3.4089
2006,Jun,02,3.4178
2006,Jun,05,3.4354
2006,Jun,06,3.4355
2006,Jun,07,3.4419
2006,Jun,08,3.4453
2006,Jun,09,3.4641
2006,Jun,12,3.4678
2006,Jun,13,3.4764
2006,Jun,14,3.4717
2006,Jun,15,3.4701
2006,Jun,16,3.4561
2006,Jun,19,3.4809
2006,Jun,20,3.4737
2006,Jun,21,3.4612
2006,Jun,22,3.4559
2006,Jun,23,3.4508
2006,Jun,26,3.4585
2006,Jun,27,3.4452
2006,Jun,28,3.4381
2006,Jun,29,3.4476
2006,Jun,30,3.4470
2006,Jul,03,3.4427
2006,Jul,04,3.4386
2006,Jul,05,3.4332
2006,Jul,06,3.4338
2006,Jul,07,3.4285
2006,Jul,10,3.4226
2006,Jul,11,3.4127
2006,Jul,12,3.4164
2006,Jul,13,3.4183
2006,Jul,14,3.4139
2006,Jul,17,3.4244
2006,Jul,18,3.4039
2006,Jul,19,3.4010
2006,Jul,20,3.3927
2006,Jul,21,3.3865
2006,Jul,24,3.3832
2006,Jul,25,3.3818
2006,Jul,26,3.3803
2006,Jul,27,3.3763
2006,Jul,28,3.3920
2006,Jul,31,3.3944
2006,Aug,01,3.3818
2006,Aug,02,3.3918
2006,Aug,03,3.3785
2006,Aug,04,3.3879
2006,Aug,07,3.3824
2006,Aug,08,3.3749
2006,Aug,10,3.3861
2006,Aug,11,3.3896
2006,Aug,14,3.3907
2006,Aug,15,3.4063
2006,Aug,16,3.3906
2006,Aug,17,3.3863
2006,Aug,18,3.3869
2006,Aug,21,3.3861
2006,Aug,22,3.3828
2006,Aug,23,3.3817
2006,Aug,24,3.3876
2006,Aug,25,3.3871
2006,Aug,28,3.3908
2006,Aug,29,3.3871
2006,Aug,30,3.3823
2006,Aug,31,3.3786
2006,Sep,01,3.3782
2006,Sep,04,3.3792
2006,Sep,05,3.3873
2006,Sep,06,3.3881
2006,Sep,07,3.4031
2006,Sep,08,3.4013
2006,Sep,11,3.3998
2006,Sep,12,3.3994
2006,Sep,13,3.4173
2006,Sep,14,3.4178
2006,Sep,15,3.4275
2006,Sep,18,3.4328
2006,Sep,19,3.4460
2006,Sep,20,3.4448
2006,Sep,21,3.4493
2006,Sep,22,3.4513
2006,Sep,25,3.4522
2006,Sep,26,3.4453
2006,Sep,27,3.4589
2006,Sep,28,3.4561
2006,Sep,29,3.4549
2006,Oct,02,3.4695
2006,Oct,03,3.4512
2006,Oct,04,3.4663
2006,Oct,05,3.4667
2006,Oct,06,3.4723
2006,Oct,09,3.4792
2006,Oct,10,3.4696
2006,Oct,11,3.4662
2006,Oct,12,3.4822
2006,Oct,13,3.4799
2006,Oct,16,3.4894
2006,Oct,17,3.4893
2006,Oct,18,3.4853
2006,Oct,19,3.4761
2006,Oct,20,3.4735
2006,Oct,23,3.4685
2006,Oct,25,3.4785
2006,Oct,26,3.4610
2006,Oct,27,3.4640
2006,Oct,30,3.4555
2006,Oct,31,3.4715
2006,Nov,01,3.4687
2006,Nov,02,3.4761
2006,Nov,03,3.4794
2006,Nov,06,3.4897
2006,Nov,07,3.4849
2006,Nov,08,3.4937
2006,Nov,09,3.4932
2006,Nov,10,3.5123
2006,Nov,13,3.4755
2006,Nov,14,3.4533
2006,Nov,15,3.4334
2006,Nov,16,3.4441
2006,Nov,17,3.4678
2006,Nov,20,3.4745
2006,Nov,21,3.4579
2006,Nov,22,3.4786
2006,Nov,23,3.4735
2006,Nov,24,3.4620
2006,Nov,27,3.4749
2006,Nov,28,3.4642
2006,Nov,29,3.4612
2006,Nov,30,3.4500
2006,Dec,01,3.4541
2006,Dec,04,3.4575
2006,Dec,05,3.4567
2006,Dec,06,3.4534
2006,Dec,07,3.4397
2006,Dec,08,3.4480
2006,Dec,11,3.4490
2006,Dec,12,3.4365
2006,Dec,13,3.4345
2006,Dec,14,3.4401
2006,Dec,15,3.4458
2006,Dec,18,3.4460
2006,Dec,19,3.4499
2006,Dec,20,3.4464
2006,Dec,21,3.4459
2006,Dec,22,3.4501
2006,Dec,26,3.4645
2006,Dec,27,3.4687
2006,Dec,28,3.4700
2006,Dec,29,3.4713
2007,Jan,03,3.4599
2007,Jan,04,3.4513
2007,Jan,05,3.4678
2007,Jan,08,3.4718
2007,Jan,09,3.4567
2007,Jan,10,3.4513
2007,Jan,11,3.4537
2007,Jan,12,3.4678
2007,Jan,15,3.4769
2007,Jan,16,3.4780
2007,Jan,17,3.4735
2007,Jan,18,3.4778
2007,Jan,19,3.4639
2007,Jan,22,3.4705
2007,Jan,23,3.4821
2007,Jan,24,3.4673
2007,Jan,25,3.4690
2007,Jan,26,3.4907
2007,Jan,29,3.4747
2007,Jan,30,3.4913
2007,Jan,31,3.4819
2007,Feb,01,3.4772
2007,Feb,02,3.4851
2007,Feb,05,3.4800
2007,Feb,06,3.4783
2007,Feb,07,3.4763
2007,Feb,08,3.4723
2007,Feb,09,3.4766
2007,Feb,12,3.4795
2007,Feb,13,3.4900
2007,Feb,14,3.4810
2007,Feb,15,3.4819
2007,Feb,16,3.4949
2007,Feb,21,3.4685
2007,Feb,22,3.4678
2007,Feb,23,3.4641
2007,Feb,26,3.4577
2007,Feb,27,3.4538
2007,Feb,28,3.4508
2007,Mar,01,3.4509
2007,Mar,02,3.4512
2007,Mar,05,3.4380
2007,Mar,06,3.4349
2007,Mar,07,3.4402
2007,Mar,08,3.4272
2007,Mar,09,3.4430
2007,Mar,12,3.4561
2007,Mar,13,3.4532
2007,Mar,14,3.4601
2007,Mar,15,3.4650
2007,Mar,16,3.4620
2007,Mar,19,3.4731
2007,Mar,20,3.4650
2007,Mar,21,3.4899
2007,Mar,22,3.4786
2007,Mar,23,3.4766
2007,Mar,26,3.4913
2007,Mar,27,3.5109
2007,Mar,28,3.5122
2007,Mar,29,3.5035
2007,Mar,30,3.4817
2007,Apr,02,3.5121
2007,Apr,03,3.5118
2007,Apr,04,3.5404
2007,Apr,05,3.5077
2007,Apr,09,3.5338
2007,Apr,10,3.5304
2007,Apr,11,3.5391
2007,Apr,12,3.5411
2007,Apr,13,3.5418
2007,Apr,16,3.5602
2007,Apr,17,3.6289
2007,Apr,18,3.6083
2007,Apr,19,3.5830
2007,Apr,20,3.6000
2007,Apr,23,3.6347
2007,Apr,24,3.6391
2007,Apr,25,3.6927
2007,Apr,26,3.7119
2007,Apr,27,3.6934
2007,Apr,30,3.6750
2007,May,02,3.6951
2007,May,03,3.6945
2007,May,04,3.7195
2007,May,07,3.7319
2007,May,08,3.7150
2007,May,09,3.7093
2007,May,10,3.6970
2007,May,11,3.6707
2007,May,14,3.6893
2007,May,15,3.7138
2007,May,16,3.7155
2007,May,17,3.7283
2007,May,18,3.7326
2007,May,21,3.7477
2007,May,22,3.7743
2007,May,23,3.7689
2007,May,24,3.7614
2007,May,25,3.7581
2007,May,28,3.7669
2007,May,29,3.7746
2007,May,30,3.7662
2007,Jun,01,3.7724
2007,Jun,04,3.7786
2007,Jun,05,3.7749
2007,Jun,06,3.7733
2007,Jun,07,3.7661
2007,Jun,08,3.7621
2007,Jun,11,3.7631
2007,Jun,12,3.7800
2007,Jun,13,3.7748
2007,Jun,14,3.7692
2007,Jun,15,3.7623
2007,Jun,18,3.7768
2007,Jun,19,3.7761
2007,Jun,20,3.7559
2007,Jun,21,3.7715
2007,Jun,22,3.7767
2007,Jun,25,3.7718
2007,Jun,26,3.7516
2007,Jun,27,3.7480
2007,Jun,28,3.7553
2007,Jun,29,3.7624
2007,Jul,02,3.7556
2007,Jul,03,3.7545
2007,Jul,04,3.7543
2007,Jul,05,3.7574
2007,Jul,06,3.7549
2007,Jul,09,3.7616
2007,Jul,10,3.7572
2007,Jul,11,3.7504
2007,Jul,12,3.7559
2007,Jul,13,3.7423
2007,Jul,16,3.7528
2007,Jul,17,3.7579
2007,Jul,18,3.7602
2007,Jul,19,3.7510
2007,Jul,20,3.7497
2007,Jul,23,3.7452
2007,Jul,24,3.7368
2007,Jul,25,3.7374
2007,Jul,26,3.7468
2007,Jul,27,3.7401
2007,Jul,30,3.7317
2007,Jul,31,3.7385
2007,Aug,01,3.7527
2007,Aug,02,3.7611
2007,Aug,03,3.7612
2007,Aug,06,3.7475
2007,Aug,07,3.7508
2007,Aug,08,3.7190
2007,Aug,10,3.7428
2007,Aug,13,3.7447
2007,Aug,14,3.7424
2007,Aug,15,3.7748
2007,Aug,16,3.7414
2007,Aug,17,3.6935
2007,Aug,20,3.7147
2007,Aug,21,3.7171
2007,Aug,22,3.7252
2007,Aug,23,3.7336
2007,Aug,24,3.7074
2007,Aug,27,3.7133
2007,Aug,28,3.6980
2007,Aug,29,3.6914
2007,Aug,30,3.7121
2007,Aug,31,3.7096
2007,Sep,03,3.7213
2007,Sep,04,3.7220
2007,Sep,05,3.7286
2007,Sep,06,3.7263
2007,Sep,07,3.7455
2007,Sep,10,3.7465
2007,Sep,11,3.7540
2007,Sep,12,3.7480
2007,Sep,13,3.7395
2007,Sep,14,3.7397
2007,Sep,17,3.7433
2007,Sep,18,3.7361
2007,Sep,19,3.7372
2007,Sep,20,3.7620
2007,Sep,21,3.7709
2007,Sep,24,3.7770
2007,Sep,25,3.7703
2007,Sep,26,3.7747
2007,Sep,27,3.7665
2007,Sep,28,3.7446
2007,Oct,01,3.7232
2007,Oct,02,3.7298
2007,Oct,03,3.7148
2007,Oct,04,3.7540
2007,Oct,05,3.7485
2007,Oct,08,3.7274
2007,Oct,09,3.7316
2007,Oct,10,3.7273
2007,Oct,11,3.7296
2007,Oct,12,3.7226
2007,Oct,15,3.7259
2007,Oct,16,3.7280
2007,Oct,17,3.6815
2007,Oct,18,3.7048
2007,Oct,19,3.6831
2007,Oct,22,3.6717
2007,Oct,23,3.6934
2007,Oct,24,3.7044
2007,Oct,25,3.6929
2007,Oct,26,3.6758
2007,Oct,29,3.6868
2007,Oct,30,3.6818
2007,Oct,31,3.6857
2007,Nov,01,3.6810
2007,Nov,02,3.6808
2007,Nov,05,3.6793
2007,Nov,06,3.6920
2007,Nov,07,3.6779
2007,Nov,09,3.6862
2007,Nov,12,3.6731
2007,Nov,13,3.6922
2007,Nov,14,3.6696
2007,Nov,15,3.6777
2007,Nov,16,3.6905
2007,Nov,19,3.6858
2007,Nov,20,3.6878
2007,Nov,21,3.6754
2007,Nov,22,3.6800
2007,Nov,23,3.6595
2007,Nov,26,3.6399
2007,Nov,27,3.6149
2007,Nov,28,3.6309
2007,Nov,29,3.6436
2007,Nov,30,3.6394
2007,Dec,03,3.6671
2007,Dec,04,3.6748
2007,Dec,05,3.6666
2007,Dec,06,3.6695
2007,Dec,07,3.6627
2007,Dec,10,3.6569
2007,Dec,11,3.6624
2007,Dec,12,3.6613
2007,Dec,13,3.6637
2007,Dec,14,3.6648
2007,Dec,17,3.6891
2007,Dec,18,3.6868
2007,Dec,19,3.6912
2007,Dec,21,3.7115
2007,Dec,24,3.6825
2007,Dec,26,3.6835
2007,Dec,27,3.6825
2007,Dec,28,3.6710
2007,Dec,31,3.6597
2008,Jan,02,3.6569
2008,Jan,03,3.6417
2008,Jan,04,3.6475
2008,Jan,07,3.6499
2008,Jan,08,3.6484
2008,Jan,09,3.6441
2008,Jan,10,3.6421
2008,Jan,11,3.6341
2008,Jan,14,3.6420
2008,Jan,15,3.6399
2008,Jan,16,3.6347
2008,Jan,17,3.6417
2008,Jan,18,3.6587
2008,Jan,21,3.6565
2008,Jan,22,3.6536
2008,Jan,23,3.6391
2008,Jan,24,3.6221
2008,Jan,25,3.6151
2008,Jan,28,3.6069
2008,Jan,29,3.6039
2008,Jan,30,3.6048
2008,Jan,31,3.6064
2008,Feb,01,3.5990
2008,Feb,04,3.5955
2008,Feb,05,3.5851
2008,Feb,06,3.5798
2008,Feb,11,3.5794
2008,Feb,12,3.5759
2008,Feb,13,3.5738
2008,Feb,14,3.5748
2008,Feb,15,3.5690
2008,Feb,18,3.5607
2008,Feb,19,3.5472
2008,Feb,20,3.5267
2008,Feb,21,3.5189
2008,Feb,22,3.5241
2008,Feb,25,3.5129
2008,Feb,26,3.5187
2008,Feb,27,3.5229
2008,Feb,28,3.5109
2008,Feb,29,3.4875
2008,Mar,03,3.4759
2008,Mar,04,3.4538
2008,Mar,05,3.4450
2008,Mar,06,3.4584
2008,Mar,07,3.4258
2008,Mar,10,3.4159
2008,Mar,11,3.4270
2008,Mar,12,3.4428
2008,Mar,13,3.4129
2008,Mar,14,3.4088
2008,Mar,17,3.3994
2008,Mar,18,3.3988
2008,Mar,19,3.4159
2008,Mar,20,3.4343
2008,Mar,24,3.4426
2008,Mar,25,3.4514
2008,Mar,26,3.4371
2008,Mar,27,3.4342
2008,Mar,28,3.4449
2008,Mar,31,3.4639
2008,Apr,01,3.4484
2008,Apr,02,3.4580
2008,Apr,03,3.4577
2008,Apr,04,3.4594
2008,Apr,07,3.4633
2008,Apr,08,3.4508
2008,Apr,09,3.4499
2008,Apr,10,3.4061
2008,Apr,11,3.4036
2008,Apr,14,3.4050
2008,Apr,15,3.3950
2008,Apr,16,3.3942
2008,Apr,17,3.3832
2008,Apr,18,3.4059
2008,Apr,21,3.3952
2008,Apr,22,3.3828
2008,Apr,23,3.3740
2008,Apr,24,3.3712
2008,Apr,25,3.3792
2008,Apr,28,3.3914
2008,Apr,29,3.3849
2008,Apr,30,3.3723
2008,May,02,3.3562
2008,May,05,3.3548
2008,May,06,3.3339
2008,May,07,3.3029
2008,May,08,3.3023
2008,May,09,3.2914
2008,May,12,3.2958
2008,May,13,3.2498
2008,May,14,3.2540
2008,May,15,3.2604
2008,May,16,3.2262
2008,May,20,3.2123
2008,May,21,3.1953
2008,May,22,3.1506
2008,May,23,3.1787
2008,May,26,3.1826
2008,May,27,3.1791
2008,May,28,3.1796
2008,May,29,3.1908
2008,May,30,3.2075
2008,Jun,02,3.2285
2008,Jun,03,3.2050
2008,Jun,04,3.2059
2008,Jun,05,3.1920
2008,Jun,06,3.1916
2008,Jun,09,3.1791
2008,Jun,10,3.1853
2008,Jun,11,3.1973
2008,Jun,12,3.2173
2008,Jun,13,3.2170
2008,Jun,16,3.2049
2008,Jun,17,3.1856
2008,Jun,18,3.1873
2008,Jun,19,3.1857
2008,Jun,20,3.1827
2008,Jun,23,3.1763
2008,Jun,24,3.1854
2008,Jun,25,3.1874
2008,Jun,26,3.1961
2008,Jun,27,3.1835
2008,Jun,30,3.1735
2008,Jul,01,3.1571
2008,Jul,02,3.1433
2008,Jul,03,3.1334
2008,Jul,04,3.1466
2008,Jul,07,3.1614
2008,Jul,08,3.1439
2008,Jul,09,3.1613
2008,Jul,10,3.1501
2008,Jul,11,3.1636
2008,Jul,14,3.1685
2008,Jul,15,3.1299
2008,Jul,16,3.1253
2008,Jul,17,3.1449
2008,Jul,18,3.1688
2008,Jul,21,3.1608
2008,Jul,22,3.1632
2008,Jul,23,3.1987
2008,Jul,24,3.2525
2008,Jul,25,3.2155
2008,Jul,28,3.2293
2008,Jul,29,3.1891
2008,Jul,30,3.2116
2008,Jul,31,3.2179
2008,Aug,01,3.2220
2008,Aug,04,3.2296
2008,Aug,05,3.2443
2008,Aug,06,3.2823
2008,Aug,07,3.2913
2008,Aug,08,3.3130
2008,Aug,11,3.3552
2008,Aug,12,3.3396
2008,Aug,13,3.2959
2008,Aug,14,3.2875
2008,Aug,15,3.3120
2008,Aug,18,3.2639
2008,Aug,19,3.2700
2008,Aug,20,3.2118
2008,Aug,21,3.2349
2008,Aug,22,3.2361
2008,Aug,25,3.2567
2008,Aug,26,3.2243
2008,Aug,27,3.2400
2008,Aug,28,3.2305
2008,Aug,29,3.2362
2008,Sep,01,3.2185
2008,Sep,02,3.2341
2008,Sep,03,3.2499
2008,Sep,04,3.2134
2008,Sep,05,3.2304
2008,Sep,08,3.2033
2008,Sep,09,3.1975
2008,Sep,10,3.1871
2008,Sep,11,3.1725
2008,Sep,12,3.1463
2008,Sep,15,3.1133
2008,Sep,16,3.0927
2008,Sep,17,3.0952
2008,Sep,18,3.0735
2008,Sep,19,3.0966
2008,Sep,22,3.1304
2008,Sep,23,3.0906
2008,Sep,24,3.0866
2008,Sep,25,3.0779
2008,Sep,26,3.0757
2008,Sep,29,3.0469
2008,Sep,30,3.1030
2008,Oct,02,3.1122
2008,Oct,03,3.0729
2008,Oct,06,3.0833
2008,Oct,07,3.0560
2008,Oct,08,3.0333
2008,Oct,09,3.0871
2008,Oct,10,3.0231
2008,Oct,13,3.0641
2008,Oct,14,3.0491
2008,Oct,15,3.0243
2008,Oct,16,3.0240
2008,Oct,17,3.0398
2008,Oct,20,3.0319
2008,Oct,21,3.0142
2008,Oct,22,3.0336
2008,Oct,23,3.0203
2008,Oct,24,3.0106
2008,Oct,28,3.0560
2008,Oct,29,3.0159
2008,Oct,30,2.9940
2008,Oct,31,2.9940
2008,Nov,03,3.0113
2008,Nov,04,3.0395
2008,Nov,05,3.1306
2008,Nov,06,3.1072
2008,Nov,07,3.1327
2008,Nov,10,3.1453
2008,Nov,11,3.1490
2008,Nov,12,3.0957
2008,Nov,13,3.0992
2008,Nov,14,3.0733
2008,Nov,17,3.1132
2008,Nov,18,3.0741
2008,Nov,19,3.0686
2008,Nov,20,3.0272
2008,Nov,21,3.0417
2008,Nov,24,3.0552
2008,Nov,25,3.0456
2008,Nov,26,3.0276
2008,Nov,27,3.0646
2008,Nov,28,3.0286
2008,Dec,01,3.0383
2008,Dec,02,3.0245
2008,Dec,03,3.0642
2008,Dec,04,3.0546
2008,Dec,05,3.0617
2008,Dec,09,3.0748
2008,Dec,10,3.0523
2008,Dec,11,3.0708
2008,Dec,12,3.0547
2008,Dec,15,3.0778
2008,Dec,16,3.0764
2008,Dec,17,3.0754
2008,Dec,18,3.0331
2008,Dec,19,3.0719
2008,Dec,22,3.0652
2008,Dec,23,2.9966
2008,Dec,24,2.9474
2008,Dec,26,3.0176
2008,Dec,29,2.9842
2008,Dec,30,2.9683
2008,Dec,31,2.9694
2009,Jan,02,2.9625
2009,Jan,05,3.0248
2009,Jan,06,3.0225
2009,Jan,07,3.0389
2009,Jan,08,3.0653
2009,Jan,09,3.0094
2009,Jan,12,3.0712
2009,Jan,13,3.0553
2009,Jan,14,3.0477
2009,Jan,15,3.0501
2009,Jan,16,3.0475
2009,Jan,19,3.0614
2009,Jan,20,3.0677
2009,Jan,21,3.0545
2009,Jan,22,3.0590
2009,Jan,23,3.0575
2009,Jan,28,3.0726
2009,Jan,29,3.0763
2009,Jan,30,3.0711
2009,Feb,02,3.0881
2009,Feb,03,3.0892
2009,Feb,04,3.0993
2009,Feb,05,3.0888
2009,Feb,06,3.0917
2009,Feb,09,3.0821
2009,Feb,10,3.0808
2009,Feb,11,3.0894
2009,Feb,12,3.0958
2009,Feb,13,3.0941
2009,Feb,16,3.1096
2009,Feb,17,3.1070
2009,Feb,18,3.0780
2009,Feb,19,3.0643
2009,Feb,20,3.0803
2009,Feb,23,3.0871
2009,Feb,24,3.0706
2009,Feb,25,3.0684
2009,Feb,26,3.0594
2009,Feb,27,3.0434
2009,Mar,02,3.0153
2009,Mar,03,2.9988
2009,Mar,04,2.9903
2009,Mar,05,3.0135
2009,Mar,06,2.9990
2009,Mar,09,2.9921
2009,Mar,10,2.9909
2009,Mar,11,3.0088
2009,Mar,12,2.9650
2009,Mar,13,2.9779
2009,Mar,16,2.9951
2009,Mar,17,2.9886
2009,Mar,18,2.9767
2009,Mar,19,2.9773
2009,Mar,20,3.0122
2009,Mar,23,2.9860
2009,Mar,24,2.9946
2009,Mar,25,2.9673
2009,Mar,26,2.9813
2009,Mar,27,3.0004
2009,Mar,30,2.9805
2009,Mar,31,2.9804
2009,Apr,01,3.0027
2009,Apr,02,3.0084
2009,Apr,03,3.0264
2009,Apr,06,3.0042
2009,Apr,07,3.0283
2009,Apr,08,3.0036
2009,Apr,09,3.0266
2009,Apr,13,3.0363
2009,Apr,14,3.0238
2009,Apr,15,3.0110
2009,Apr,16,3.0291
2009,Apr,17,3.0101
2009,Apr,20,3.0165
2009,Apr,21,2.9901
2009,Apr,22,2.9911
2009,Apr,23,2.9925
2009,Apr,24,2.9936
2009,Apr,27,2.9812
2009,Apr,28,2.9822
2009,Apr,29,2.9763
2009,Apr,30,2.9775
2009,May,04,2.9721
2009,May,05,2.9696
2009,May,06,2.9871
2009,May,07,2.9826
2009,May,08,2.9771
2009,May,11,2.9681
2009,May,12,2.9440
2009,May,13,2.9484
2009,May,14,2.9414
2009,May,15,2.9516
2009,May,18,3.0402
2009,May,19,3.0884
2009,May,20,3.0631
2009,May,21,3.0699
2009,May,22,3.0738
2009,May,25,3.0542
2009,May,26,3.0506
2009,May,27,3.0382
2009,May,28,3.0367
2009,May,29,3.0534
2009,Jun,01,3.0640
2009,Jun,02,3.0584
2009,Jun,03,3.0689
2009,Jun,04,3.0571
2009,Jun,05,3.0695
2009,Jun,08,3.0754
2009,Jun,09,3.0664
2009,Jun,10,3.0668
2009,Jun,11,3.0600
2009,Jun,12,3.0515
2009,Jun,15,3.0453
2009,Jun,16,3.0521
2009,Jun,17,3.0484
2009,Jun,18,3.0262
2009,Jun,19,3.0264
2009,Jun,22,3.0180
2009,Jun,23,2.9951
2009,Jun,24,3.0024
2009,Jun,25,3.0005
2009,Jun,26,2.9982
2009,Jun,29,3.0209
2009,Jun,30,3.0277
2009,Jul,01,3.0114
2009,Jul,02,3.0285
2009,Jul,03,3.0153
2009,Jul,06,3.0375
2009,Jul,07,3.0123
2009,Jul,08,2.9946
2009,Jul,09,2.9849
2009,Jul,10,3.0026
2009,Jul,13,2.9661
2009,Jul,14,2.9872
2009,Jul,15,2.9852
2009,Jul,16,2.9920
2009,Jul,17,2.9828
2009,Jul,20,2.9795
2009,Jul,21,2.9840
2009,Jul,22,2.9890
2009,Jul,23,2.9784
2009,Jul,24,2.9820
2009,Jul,27,2.9947
2009,Jul,28,2.9863
2009,Jul,29,2.9797
2009,Jul,30,2.9782
2009,Jul,31,2.9889
2009,Aug,03,3.0017
2009,Aug,04,3.0184
2009,Aug,05,3.0080
2009,Aug,06,3.0096
2009,Aug,07,3.0009
2009,Aug,11,3.0090
2009,Aug,12,3.0087
2009,Aug,13,2.9974
2009,Aug,14,2.9871
2009,Aug,17,2.9754
2009,Aug,18,2.9646
2009,Aug,19,2.9903
2009,Aug,20,2.9713
2009,Aug,21,2.9583
2009,Aug,24,2.9697
2009,Aug,25,2.9553
2009,Aug,26,2.9545
2009,Aug,27,2.9491
2009,Aug,28,2.9534
2009,Aug,31,2.9499
2009,Sep,01,2.9548
2009,Sep,02,2.9391
2009,Sep,03,2.9500
2009,Sep,04,2.9469
2009,Sep,07,2.9394
2009,Sep,08,2.9458
2009,Sep,09,2.9371
2009,Sep,10,2.9454
2009,Sep,11,2.9367
2009,Sep,14,2.9261
2009,Sep,15,2.9236
2009,Sep,16,2.9295
2009,Sep,17,2.9422
2009,Sep,18,2.9376
2009,Sep,22,2.9391
2009,Sep,23,2.9454
2009,Sep,24,2.9406
2009,Sep,25,2.9428
2009,Sep,28,2.9676
2009,Sep,29,2.9544
2009,Sep,30,2.9568
2009,Oct,01,2.9473
2009,Oct,02,2.9689
2009,Oct,05,2.9664
2009,Oct,06,2.9749
2009,Oct,07,3.0071
2009,Oct,08,3.0105
2009,Oct,09,3.0044
2009,Oct,12,3.0067
2009,Oct,13,3.0282
2009,Oct,14,3.0200
2009,Oct,15,3.0261
2009,Oct,16,3.0006
2009,Oct,19,3.0273
2009,Oct,20,3.0178
2009,Oct,21,3.0051
2009,Oct,22,2.9926
2009,Oct,23,2.9975
2009,Oct,26,2.9930
2009,Oct,27,2.9831
2009,Oct,28,2.9707
2009,Oct,29,2.9491
2009,Oct,30,2.9795
2009,Nov,02,2.9853
2009,Nov,03,2.9714
2009,Nov,04,2.9663
2009,Nov,05,2.9643
2009,Nov,06,2.9812
2009,Nov,09,2.9829
2009,Nov,10,2.9870
2009,Nov,11,2.9808
2009,Nov,12,2.9875
2009,Nov,13,2.9791
2009,Nov,16,3.0010
2009,Nov,17,2.9985
2009,Nov,18,2.9954
2009,Nov,19,2.9878
2009,Nov,20,2.9804
2009,Nov,23,2.9876
2009,Nov,24,2.9765
2009,Nov,25,2.9873
2009,Nov,26,2.9881
2009,Nov,30,2.9808
2009,Dec,01,2.9820
2009,Dec,02,2.9890
2009,Dec,03,2.9896
2009,Dec,04,2.9901
2009,Dec,07,2.9896
2009,Dec,08,2.9863
2009,Dec,09,2.9773
2009,Dec,10,2.9786
2009,Dec,11,2.9853
2009,Dec,14,2.9807
2009,Dec,15,2.9838
2009,Dec,16,2.9895
2009,Dec,17,2.9923
2009,Dec,18,2.9892
2009,Dec,21,2.9995
2009,Dec,22,3.0019
2009,Dec,23,3.0135
2009,Dec,24,3.0091
2009,Dec,28,3.0211
2009,Dec,29,3.0159
2009,Dec,30,3.0099
2009,Dec,31,3.0071
2010,Jan,04,3.0205
2010,Jan,05,3.0180
2010,Jan,06,3.0279
2010,Jan,07,3.0438
2010,Jan,08,3.0572
2010,Jan,11,3.0576
2010,Jan,12,3.0568
2010,Jan,13,3.0399
2010,Jan,14,3.0494
2010,Jan,15,3.0442
2010,Jan,18,3.0390
2010,Jan,19,3.0444
2010,Jan,20,3.0347
2010,Jan,21,3.0405
2010,Jan,22,3.0358
2010,Jan,25,3.0350
2010,Jan,26,3.0487
2010,Jan,27,3.0292
2010,Jan,28,3.0343
2010,Jan,29,3.0301
2010,Feb,01,3.0395
2010,Feb,02,3.0533
2010,Feb,03,3.0566
2010,Feb,04,3.0650
2010,Feb,05,3.0521
2010,Feb,08,3.0415
2010,Feb,09,3.0433
2010,Feb,10,3.0454
2010,Feb,11,3.0413
2010,Feb,12,3.0578
2010,Feb,17,3.0527
2010,Feb,18,3.0516
2010,Feb,19,3.0447
2010,Feb,22,3.0528
2010,Feb,23,3.0499
2010,Feb,24,3.0479
2010,Feb,25,3.0441
2010,Feb,26,3.0422
2010,Mar,01,3.0556
2010,Mar,02,3.0559
2010,Mar,03,3.0548
2010,Mar,04,3.0578
2010,Mar,05,3.0626
2010,Mar,08,3.0770
2010,Mar,09,3.0770
2010,Mar,10,3.0773
2010,Mar,11,3.0778
2010,Mar,12,3.0747
2010,Mar,15,3.0660
2010,Mar,16,3.0781
2010,Mar,17,3.0679
2010,Mar,18,3.0662
2010,Mar,19,3.0835
2010,Mar,22,3.0745
2010,Mar,23,3.0767
2010,Mar,24,3.0920
2010,Mar,25,3.0783
2010,Mar,26,3.0936
2010,Mar,29,3.1115
2010,Mar,30,3.1128
2010,Mar,31,3.1077
2010,Apr,01,3.1257
2010,Apr,05,3.1252
2010,Apr,06,3.1427
2010,Apr,07,3.1473
2010,Apr,08,3.1324
2010,Apr,09,3.1394
2010,Apr,12,3.1386
2010,Apr,13,3.1227
2010,Apr,14,3.1112
2010,Apr,15,3.1020
2010,Apr,16,3.0938
2010,Apr,19,3.0948
2010,Apr,20,3.0885
2010,Apr,21,3.0908
2010,Apr,22,3.0857
2010,Apr,23,3.0850
2010,Apr,26,3.0868
2010,Apr,27,3.0775
2010,Apr,28,3.0775
2010,Apr,29,3.0790
2010,Apr,30,3.0786
2010,May,03,3.0809
2010,May,04,3.0785
2010,May,05,3.0764
2010,May,06,3.0845
2010,May,07,3.0719
2010,May,10,3.0601
2010,May,11,3.0654
2010,May,12,3.0629
2010,May,13,3.0675
2010,May,14,3.0622
2010,May,17,3.0548
2010,May,18,3.0494
2010,May,19,3.0422
2010,May,20,3.0226
2010,May,21,2.9857
2010,May,24,3.0081
2010,May,25,2.9959
2010,May,26,2.9771
2010,May,27,3.0009
2010,May,31,3.0164
2010,Jun,01,3.0115
2010,Jun,02,2.9992
2010,Jun,03,3.0073
2010,Jun,04,3.0085
2010,Jun,07,2.9987
2010,Jun,08,3.0150
2010,Jun,09,3.0166
2010,Jun,10,3.0082
2010,Jun,11,3.0051
2010,Jun,14,3.0020
2010,Jun,15,3.0016
2010,Jun,16,3.0053
2010,Jun,17,2.9965
2010,Jun,18,3.0105
2010,Jun,21,3.0154
2010,Jun,22,3.0036
2010,Jun,23,3.0014
2010,Jun,24,3.0006
2010,Jun,25,2.9969
2010,Jun,28,2.9990
2010,Jun,29,2.9928
2010,Jun,30,3.0048
2010,Jul,01,2.9984
2010,Jul,02,2.9840
2010,Jul,05,2.9758
2010,Jul,06,2.9766
2010,Jul,07,2.9565
2010,Jul,08,2.9540
2010,Jul,09,2.9511
2010,Jul,12,2.9609
2010,Jul,13,2.9483
2010,Jul,14,2.9513
2010,Jul,15,2.9431
2010,Jul,16,2.9460
2010,Jul,19,2.9352
2010,Jul,20,2.9102
2010,Jul,21,2.9058
2010,Jul,22,2.9096
2010,Jul,23,2.9197
2010,Jul,26,2.9093
2010,Jul,27,2.9047
2010,Jul,28,2.9189
2010,Jul,29,2.9239
2010,Jul,30,2.9282
2010,Aug,02,2.9338
2010,Aug,03,2.9293
2010,Aug,04,2.9228
2010,Aug,05,2.9295
2010,Aug,06,2.9318
2010,Aug,10,2.9253
2010,Aug,11,2.9162
2010,Aug,12,2.9012
2010,Aug,13,2.9170
2010,Aug,16,2.9156
2010,Aug,17,2.9096
2010,Aug,18,2.9066
2010,Aug,19,2.9238
2010,Aug,20,2.9060
2010,Aug,23,2.9070
2010,Aug,24,2.9106
2010,Aug,25,2.8982
2010,Aug,26,2.8984
2010,Aug,27,2.8930
2010,Aug,30,2.8918
2010,Aug,31,2.8823
2010,Sep,01,2.8863
2010,Sep,02,2.8840
2010,Sep,03,2.8874
2010,Sep,06,2.8862
2010,Sep,07,2.8887
2010,Sep,08,2.8768
2010,Sep,09,2.8877
2010,Sep,13,2.8940
2010,Sep,14,2.8857
2010,Sep,15,2.8842
2010,Sep,16,2.8854
2010,Sep,17,2.9026
2010,Sep,20,2.9243
2010,Sep,21,2.9277
2010,Sep,22,2.9179
2010,Sep,23,2.9057
2010,Sep,24,2.9138
2010,Sep,27,2.9283
2010,Sep,28,2.9279
2010,Sep,29,2.9357
2010,Sep,30,2.9560
2010,Oct,01,2.9418
2010,Oct,04,2.9629
2010,Oct,05,2.9438
2010,Oct,06,2.9575
2010,Oct,07,2.9484
2010,Oct,08,2.9490
2010,Oct,11,2.9534
2010,Oct,12,2.9364
2010,Oct,13,2.9349
2010,Oct,14,2.9229
2010,Oct,15,2.9461
2010,Oct,18,2.9510
2010,Oct,19,2.9335
2010,Oct,20,2.9548
2010,Oct,21,2.9347
2010,Oct,22,2.9259
2010,Oct,25,2.9137
2010,Oct,26,2.9096
2010,Oct,27,2.9215
2010,Oct,28,2.9220
2010,Oct,29,2.9161
2010,Nov,01,2.9036
2010,Nov,02,2.9021
2010,Nov,03,2.9094
2010,Nov,04,2.9003
2010,Nov,08,2.9031
2010,Nov,09,2.8990
2010,Nov,10,2.9037
2010,Nov,11,2.9056
2010,Nov,12,2.9093
2010,Nov,15,2.8924
2010,Nov,16,2.8770
2010,Nov,18,2.8581
2010,Nov,19,2.8633
2010,Nov,22,2.8600
2010,Nov,23,2.8571
2010,Nov,24,2.8745
2010,Nov,25,2.8629
2010,Nov,26,2.8790
2010,Nov,29,2.8782
2010,Nov,30,2.8682
2010,Dec,01,2.8863
2010,Dec,02,2.9016
2010,Dec,03,2.9000
2010,Dec,06,2.9001
2010,Dec,07,2.9076
2010,Dec,08,2.9233
2010,Dec,09,2.9094
2010,Dec,10,2.8908
2010,Dec,13,2.8948
2010,Dec,14,2.8957
2010,Dec,15,2.8945
2010,Dec,16,2.8875
2010,Dec,17,2.8973
2010,Dec,20,2.8988
2010,Dec,21,2.9054
2010,Dec,22,2.9004
2010,Dec,23,2.9013
2010,Dec,24,2.8820
2010,Dec,27,2.8795
2010,Dec,28,2.8707
2010,Dec,29,2.8750
2010,Dec,30,2.8778
2010,Dec,31,2.8700
2011,Jan,03,2.8730
2011,Jan,04,2.8771
2011,Jan,05,2.8529
2011,Jan,06,2.8511
2011,Jan,07,2.8596
2011,Jan,10,2.8564
2011,Jan,11,2.8636
2011,Jan,12,2.8674
2011,Jan,13,2.8588
2011,Jan,14,2.8503
2011,Jan,17,2.8341
2011,Jan,18,2.8303
2011,Jan,19,2.8266
2011,Jan,20,2.8242
2011,Jan,21,2.8179
2011,Jan,24,2.8203
2011,Jan,25,2.8147
2011,Jan,26,2.8126
2011,Jan,27,2.8029
2011,Jan,28,2.8021
2011,Jan,31,2.7992
2011,Feb,01,2.7886
2011,Feb,02,2.7949
2011,Feb,07,2.7996
2011,Feb,08,2.8100
2011,Feb,09,2.8121
2011,Feb,10,2.8009
2011,Feb,11,2.8010
2011,Feb,14,2.8113
2011,Feb,15,2.8188
2011,Feb,16,2.8242
2011,Feb,17,2.8150
2011,Feb,18,2.8227
2011,Feb,21,2.8229
2011,Feb,22,2.8364
2011,Feb,23,2.8249
2011,Feb,24,2.8206
2011,Feb,25,2.8122
2011,Feb,28,2.8132
2011,Mar,01,2.8154
2011,Mar,02,2.8414
2011,Mar,03,2.8201
2011,Mar,04,2.8191
2011,Mar,07,2.8079
2011,Mar,08,2.8144
2011,Mar,09,2.8207
2011,Mar,10,2.8198
2011,Mar,11,2.8113
2011,Mar,14,2.8105
2011,Mar,15,2.8132
2011,Mar,16,2.8280
2011,Mar,17,2.8354
2011,Mar,18,2.8250
2011,Mar,21,2.8197
2011,Mar,22,2.8150
2011,Mar,23,2.8100
2011,Mar,24,2.8207
2011,Mar,25,2.8236
2011,Mar,28,2.8205
2011,Mar,29,2.8222
2011,Mar,30,2.8243
2011,Mar,31,2.8229
2011,Apr,01,2.8386
2011,Apr,04,2.8472
2011,Apr,05,2.8385
2011,Apr,06,2.8491
2011,Apr,07,2.8518
2011,Apr,08,2.8574
2011,Apr,11,2.8452
2011,Apr,12,2.8538
2011,Apr,13,2.8235
2011,Apr,14,2.8206
2011,Apr,15,2.7932
2011,Apr,18,2.8090
2011,Apr,19,2.8001
2011,Apr,20,2.7981
2011,Apr,21,2.7927
2011,Apr,25,2.7742
2011,Apr,26,2.7735
2011,Apr,27,2.7701
2011,Apr,28,2.7692
2011,Apr,29,2.7630
2011,May,03,2.7601
2011,May,04,2.7574
2011,May,05,2.7623
2011,May,06,2.7530
2011,May,09,2.7566
2011,May,10,2.7585
2011,May,11,2.7539
2011,May,12,2.7618
2011,May,13,2.7645
2011,May,16,2.7731
2011,May,18,2.7550
2011,May,19,2.7525
2011,May,20,2.7511
2011,May,23,2.7545
2011,May,24,2.7627
2011,May,25,2.7566
2011,May,26,2.7470
2011,May,27,2.7347
2011,May,30,2.7340
2011,May,31,2.7415
2011,Jun,01,2.7355
2011,Jun,02,2.7564
2011,Jun,03,2.7490
2011,Jun,06,2.7451
2011,Jun,07,2.7484
2011,Jun,08,2.7499
2011,Jun,09,2.7576
2011,Jun,10,2.7534
2011,Jun,13,2.7609
2011,Jun,14,2.7519
2011,Jun,15,2.7555
2011,Jun,16,2.7622
2011,Jun,17,2.7590
2011,Jun,20,2.7536
2011,Jun,21,2.7518
2011,Jun,22,2.7515
2011,Jun,23,2.7482
2011,Jun,24,2.7489
2011,Jun,27,2.7539
2011,Jun,28,2.7611
2011,Jun,29,2.7525
2011,Jun,30,2.7471
2011,Jul,01,2.7510
2011,Jul,04,2.7533
2011,Jul,05,2.7570
2011,Jul,06,2.7623
2011,Jul,07,2.7610
2011,Jul,08,2.7572
2011,Jul,11,2.7518
2011,Jul,12,2.7517
2011,Jul,13,2.7449
2011,Jul,14,2.7388
2011,Jul,15,2.7338
2011,Jul,18,2.7376
2011,Jul,19,2.7322
2011,Jul,20,2.7316
2011,Jul,21,2.7288
2011,Jul,22,2.7270
2011,Jul,25,2.7223
2011,Jul,26,2.7175
2011,Jul,27,2.7291
2011,Jul,28,2.7265
2011,Jul,29,2.7298
2011,Aug,01,2.7282
2011,Aug,02,2.7219
2011,Aug,03,2.7260
2011,Aug,04,2.7243
2011,Aug,05,2.7281
2011,Aug,08,2.7035
2011,Aug,10,2.6924
2011,Aug,11,2.6781
2011,Aug,12,2.6750
2011,Aug,15,2.6711
2011,Aug,16,2.6583
2011,Aug,17,2.6568
2011,Aug,18,2.6490
2011,Aug,19,2.6611
2011,Aug,22,2.6282
2011,Aug,23,2.6431
2011,Aug,24,2.6350
2011,Aug,25,2.6191
2011,Aug,26,2.6206
2011,Aug,29,2.6281
2011,Aug,31,2.6238
2011,Sep,01,2.6346
2011,Sep,02,2.6220
2011,Sep,05,2.6290
2011,Sep,06,2.6214
2011,Sep,07,2.6270
2011,Sep,08,2.6162
2011,Sep,09,2.6222
2011,Sep,12,2.6263
2011,Sep,13,2.6204
2011,Sep,14,2.6041
2011,Sep,15,2.6109
2011,Sep,16,2.6133
2011,Sep,19,2.6346
2011,Sep,20,2.6351
2011,Sep,21,2.6317
2011,Sep,22,2.6405
2011,Sep,23,2.6123
2011,Sep,26,2.6288
2011,Sep,27,2.6192
2011,Sep,28,2.6241
2011,Sep,29,2.6478
2011,Sep,30,2.6442
2011,Oct,03,2.6543
2011,Oct,04,2.6722
2011,Oct,05,2.6606
2011,Oct,06,2.6545
2011,Oct,07,2.6390
2011,Oct,10,2.6285
2011,Oct,11,2.6168
2011,Oct,12,2.6058
2011,Oct,13,2.6060
2011,Oct,14,2.5897
2011,Oct,17,2.5889
2011,Oct,18,2.5788
2011,Oct,19,2.5713
2011,Oct,20,2.5708
2011,Oct,21,2.5567
2011,Oct,24,2.5503
2011,Oct,25,2.5367
2011,Oct,27,2.5628
2011,Oct,28,2.5463
2011,Oct,31,2.5574
2011,Nov,01,2.5714
2011,Nov,02,2.5808
2011,Nov,03,2.5910
2011,Nov,04,2.5822
2011,Nov,08,2.5799
2011,Nov,09,2.5556
2011,Nov,10,2.5868
2011,Nov,11,2.5757
2011,Nov,14,2.5624
2011,Nov,15,2.5516
2011,Nov,16,2.5492
2011,Nov,17,2.5500
2011,Nov,18,2.5379
2011,Nov,21,2.5228
2011,Nov,22,2.4844
2011,Nov,23,2.5191
2011,Nov,24,2.5044
2011,Nov,25,2.5114
2011,Nov,28,2.5051
2011,Nov,29,2.5011
2011,Nov,30,2.4851
2011,Dec,01,2.4786
2011,Dec,02,2.4972
2011,Dec,05,2.5032
2011,Dec,06,2.5076
2011,Dec,07,2.4918
2011,Dec,08,2.4801
2011,Dec,09,2.4859
2011,Dec,12,2.4826
2011,Dec,13,2.4437
2011,Dec,14,2.4325
2011,Dec,15,2.4206
2011,Dec,16,2.4742
2011,Dec,19,2.4624
2011,Dec,20,2.4674
2011,Dec,21,2.4557
2011,Dec,22,2.4541
2011,Dec,23,2.4508
2011,Dec,27,2.4535
2011,Dec,28,2.4433
2011,Dec,29,2.4363
2011,Dec,30,2.4445
2012,Jan,03,2.4313
2012,Jan,04,2.4206
2012,Jan,05,2.4347
2012,Jan,06,2.4501
2012,Jan,09,2.4594
2012,Jan,10,2.4705
2012,Jan,11,2.4976
2012,Jan,12,2.4924
2012,Jan,13,2.5062
2012,Jan,16,2.5014
2012,Jan,17,2.5144
2012,Jan,18,2.5343
2012,Jan,19,2.5434
2012,Jan,20,2.5318
2012,Jan,25,2.5306
2012,Jan,26,2.5184
2012,Jan,27,2.5276
2012,Jan,30,2.5378
2012,Jan,31,2.5251
2012,Feb,01,2.5326
2012,Feb,02,2.5415
2012,Feb,03,2.5387
2012,Feb,06,2.5528
2012,Feb,07,2.5458
2012,Feb,08,2.5372
2012,Feb,09,2.5230
2012,Feb,10,2.5265
2012,Feb,13,2.5354
2012,Feb,14,2.5592
2012,Feb,15,2.5538
2012,Feb,16,2.5630
2012,Feb,17,2.5597
2012,Feb,20,2.5490
2012,Feb,21,2.5547
2012,Feb,22,2.5557
2012,Feb,23,2.5555
2012,Feb,24,2.5565
2012,Feb,27,2.5670
2012,Feb,28,2.5487
2012,Feb,29,2.5514
2012,Mar,01,2.5389
2012,Mar,02,2.5331
2012,Mar,05,2.5255
2012,Mar,06,2.5218
2012,Mar,07,2.4866
2012,Mar,08,2.5028
2012,Mar,09,2.5092
2012,Mar,12,2.5213
2012,Mar,13,2.5156
2012,Mar,14,2.5257
2012,Mar,15,2.5274
2012,Mar,16,2.5068
2012,Mar,19,2.5110
2012,Mar,20,2.5033
2012,Mar,21,2.4976
2012,Mar,22,2.4891
2012,Mar,23,2.4724
2012,Mar,26,2.4633
2012,Mar,27,2.4618
2012,Mar,28,2.4684
2012,Mar,29,2.4608
2012,Mar,30,2.4567
2012,Apr,02,2.4701
2012,Apr,03,2.4750
2012,Apr,04,2.4662
2012,Apr,05,2.4679
2012,Apr,09,2.4534
2012,Apr,10,2.4634
2012,Apr,11,2.4465
2012,Apr,12,2.4478
2012,Apr,13,2.4311
2012,Apr,16,2.4268
2012,Apr,17,2.4226
2012,Apr,18,2.4280
2012,Apr,19,2.4119
2012,Apr,20,2.4020
2012,Apr,23,2.3975
2012,Apr,24,2.3661
2012,Apr,25,2.3661
2012,Apr,26,2.3699
2012,Apr,27,2.3646
2012,Apr,30,2.3559
2012,May,02,2.3477
2012,May,03,2.3312
2012,May,04,2.3139
2012,May,07,2.3299
2012,May,08,2.3645
2012,May,09,2.3354
2012,May,10,2.3450
2012,May,11,2.3413
2012,May,14,2.3367
2012,May,15,2.3371
2012,May,16,2.3383
2012,May,17,2.3294
2012,May,18,2.3287
2012,May,21,2.3284
2012,May,22,2.3116
2012,May,23,2.2951
2012,May,24,2.2746
2012,May,25,2.2888
2012,May,28,2.3168
2012,May,29,2.2989
2012,May,30,2.2807
2012,May,31,2.2828
2012,Jun,01,2.3021
2012,Jun,04,2.3261
2012,Jun,05,2.3197
2012,Jun,06,2.3082
2012,Jun,07,2.3119
2012,Jun,08,2.3249
2012,Jun,11,2.3163
2012,Jun,12,2.2997
2012,Jun,13,2.2967
2012,Jun,14,2.2983
2012,Jun,15,2.2928
2012,Jun,18,2.2890
2012,Jun,19,2.2644
2012,Jun,20,2.2676
2012,Jun,21,2.2547
2012,Jun,22,2.2471
2012,Jun,25,2.2637
2012,Jun,26,2.2496
2012,Jun,27,2.2384
2012,Jun,28,2.2360
2012,Jun,29,2.2488
2012,Jul,02,2.2831
2012,Jul,03,2.2913
2012,Jul,04,2.3155
2012,Jul,05,2.3042
2012,Jul,06,2.2891
2012,Jul,09,2.2776
2012,Jul,10,2.2754
2012,Jul,11,2.2839
2012,Jul,12,2.2768
2012,Jul,13,2.2861
2012,Jul,16,2.3063
2012,Jul,17,2.2956
2012,Jul,18,2.2858
2012,Jul,19,2.2723
2012,Jul,20,2.2748
2012,Jul,23,2.2675
2012,Jul,24,2.2454
2012,Jul,25,2.2414
2012,Jul,26,2.2396
2012,Jul,27,2.2541
2012,Jul,30,2.2562
2012,Jul,31,2.2462
2012,Aug,01,2.2433
2012,Aug,02,2.2409
2012,Aug,03,2.2251
2012,Aug,06,2.2460
2012,Aug,07,2.2405
2012,Aug,08,2.2579
2012,Aug,10,2.2502
2012,Aug,13,2.2504
2012,Aug,14,2.2391
2012,Aug,15,2.2487
2012,Aug,16,2.2362
2012,Aug,17,2.2483
2012,Aug,21,2.2531
2012,Aug,22,2.2565
2012,Aug,23,2.2519
2012,Aug,24,2.2531
2012,Aug,27,2.2523
2012,Aug,28,2.2467
2012,Aug,29,2.2514
2012,Aug,30,2.2506
2012,Aug,31,2.2489
2012,Sep,03,2.2508
2012,Sep,04,2.2452
2012,Sep,05,2.2362
2012,Sep,06,2.2301
2012,Sep,07,2.2369
2012,Sep,10,2.2331
2012,Sep,11,2.2250
2012,Sep,12,2.2242
2012,Sep,13,2.2165
2012,Sep,14,2.2355
2012,Sep,17,2.2751
2012,Sep,18,2.2576
2012,Sep,19,2.2673
2012,Sep,20,2.2520
2012,Sep,21,2.2621
2012,Sep,24,2.3110
2012,Sep,25,2.2917
2012,Sep,26,2.2991
2012,Sep,27,2.3030
2012,Sep,28,2.3244
2012,Oct,01,2.3273
2012,Oct,02,2.3439
2012,Oct,03,2.3566
2012,Oct,04,2.3698
2012,Oct,05,2.3774
2012,Oct,08,2.3604
2012,Oct,09,2.3501
2012,Oct,10,2.3257
2012,Oct,11,2.3178
2012,Oct,12,2.3177
2012,Oct,15,2.3049
2012,Oct,16,2.3084
2012,Oct,17,2.3118
2012,Oct,18,2.2959
2012,Oct,19,2.2714
2012,Oct,22,2.2704
2012,Oct,23,2.2867
2012,Oct,24,2.2763
2012,Oct,25,2.2744
2012,Oct,29,2.2700
2012,Oct,30,2.2610
2012,Oct,31,2.2554
2012,Nov,01,2.2678
2012,Nov,02,2.2761
2012,Nov,05,2.2629
2012,Nov,06,2.2407
2012,Nov,07,2.2481
2012,Nov,08,2.2444
2012,Nov,09,2.2527
2012,Nov,12,2.2371
2012,Nov,14,2.2265
2012,Nov,15,2.2217
2012,Nov,16,2.2346
2012,Nov,19,2.2261
2012,Nov,20,2.2286
2012,Nov,21,2.2188
2012,Nov,22,2.2254
2012,Nov,23,2.2173
2012,Nov,26,2.2043
2012,Nov,27,2.1942
2012,Nov,28,2.2049
2012,Nov,29,2.2036
2012,Nov,30,2.2427
2012,Dec,03,2.2456
2012,Dec,04,2.2220
2012,Dec,05,2.2341
2012,Dec,06,2.2383
2012,Dec,07,2.2559
2012,Dec,10,2.2489
2012,Dec,11,2.2487
2012,Dec,12,2.2523
2012,Dec,13,2.2557
2012,Dec,14,2.2379
2012,Dec,17,2.2377
2012,Dec,18,2.2253
2012,Dec,19,2.2208
2012,Dec,20,2.2311
2012,Dec,21,2.2133
2012,Dec,24,2.2138
2012,Dec,26,2.2237
2012,Dec,27,2.2335
2012,Dec,28,2.2286
2012,Dec,31,2.2307
2013,Jan,02,2.2458
2013,Jan,03,2.2453
2013,Jan,04,2.2432
2013,Jan,07,2.2397
2013,Jan,08,2.2271
2013,Jan,09,2.2347
2013,Jan,10,2.2454
2013,Jan,11,2.2473
2013,Jan,14,2.2384
2013,Jan,15,2.2501
2013,Jan,16,2.2369
2013,Jan,17,2.2373
2013,Jan,18,2.2664
2013,Jan,21,2.2887
2013,Jan,22,2.2979
2013,Jan,23,2.2866
2013,Jan,24,2.2822
2013,Jan,25,2.2881
2013,Jan,28,2.2917
2013,Jan,29,2.2963
2013,Jan,30,2.3091
2013,Jan,31,2.3299
2013,Feb,01,2.3260
2013,Feb,04,2.3389
2013,Feb,05,2.3193
2013,Feb,06,2.3335
2013,Feb,07,2.3300
2013,Feb,08,2.3167
2013,Feb,13,2.2988
2013,Feb,14,2.2919
2013,Feb,15,2.2913
2013,Feb,18,2.2805
2013,Feb,19,2.2828
2013,Feb,20,2.2834
2013,Feb,21,2.2815
2013,Feb,22,2.2730
2013,Feb,25,2.2919
2013,Feb,26,2.2926
2013,Feb,27,2.2959
2013,Feb,28,2.3046
2013,Mar,01,2.2670
2013,Mar,04,2.2652
2013,Mar,05,2.2706
2013,Mar,06,2.2740
2013,Mar,07,2.2770
2013,Mar,08,2.2869
2013,Mar,11,2.2926
2013,Mar,12,2.2987
2013,Mar,13,2.3071
2013,Mar,14,2.2977
2013,Mar,15,2.3050
2013,Mar,18,2.3043
2013,Mar,19,2.3160
2013,Mar,20,2.2995
2013,Mar,21,2.3044
2013,Mar,22,2.3010
2013,Mar,25,2.3025
2013,Mar,26,2.2833
2013,Mar,27,2.2904
2013,Mar,28,2.2847
2013,Apr,01,2.2922
2013,Apr,02,2.2755
2013,Apr,03,2.2783
2013,Apr,04,2.2689
2013,Apr,05,2.2616
2013,Apr,08,2.2679
2013,Apr,09,2.2792
2013,Apr,10,2.2731
2013,Apr,11,2.2774
2013,Apr,12,2.2709
2013,Apr,15,2.2615
2013,Apr,16,2.2720
2013,Apr,17,2.2817
2013,Apr,18,2.2835
2013,Apr,19,2.2945
2013,Apr,22,2.2911
2013,Apr,23,2.2825
2013,Apr,24,2.2881
2013,Apr,25,2.2857
2013,Apr,26,2.2838
2013,Apr,29,2.2709
2013,Apr,30,2.2803
2013,May,02,2.2976
2013,May,03,2.2871
2013,May,06,2.2853
2013,May,07,2.2659
2013,May,08,2.2753
2013,May,09,2.2667
2013,May,10,2.2649
2013,May,13,2.2612
2013,May,14,2.2622
2013,May,15,2.2672
2013,May,16,2.2779
2013,May,17,2.2861
2013,May,20,2.2808
2013,May,21,2.2815
2013,May,22,2.2723
2013,May,23,2.2723
2013,May,27,2.2713
2013,May,28,2.2706
2013,May,29,2.2602
2013,May,30,2.2541
2013,May,31,2.2351
2013,Jun,03,2.2328
2013,Jun,04,2.2148
2013,Jun,05,2.2174
2013,Jun,06,2.1966
2013,Jun,07,2.1861
2013,Jun,10,2.1807
2013,Jun,11,2.1627
2013,Jun,12,2.1531
2013,Jun,13,2.1623
2013,Jun,14,2.1688
2013,Jun,17,2.1708
2013,Jun,18,2.1583
2013,Jun,19,2.1485
2013,Jun,20,2.1244
2013,Jun,21,2.1368
2013,Jun,24,2.1407
2013,Jun,25,2.1379
2013,Jun,26,2.1245
2013,Jun,27,2.0981
2013,Jun,28,2.1147
2013,Jul,01,2.1359
2013,Jul,02,2.1379
2013,Jul,03,2.1194
2013,Jul,04,2.1190
2013,Jul,05,2.1175
2013,Jul,08,2.1030
2013,Jul,09,2.1232
2013,Jul,10,2.1245
2013,Jul,11,2.1217
2013,Jul,12,2.1086
2013,Jul,15,2.1096
2013,Jul,16,2.1264
2013,Jul,17,2.1327
2013,Jul,18,2.1231
2013,Jul,19,2.1192
2013,Jul,22,2.1253
2013,Jul,23,2.1171
2013,Jul,24,2.1231
2013,Jul,25,2.1351
2013,Jul,26,2.1497
2013,Jul,29,2.1394
2013,Jul,30,2.1270
2013,Jul,31,2.0838
2013,Aug,01,2.0978
2013,Aug,02,2.1011
2013,Aug,05,2.0865
2013,Aug,06,2.0728
2013,Aug,07,2.0710
2013,Aug,12,2.0827
2013,Aug,13,2.0505
2013,Aug,14,2.0648
2013,Aug,15,2.0690
2013,Aug,16,2.0680
2013,Aug,19,2.0471
2013,Aug,20,1.9991
2013,Aug,21,2.0182
2013,Aug,22,1.9751
2013,Aug,23,1.9807
2013,Aug,26,2.0008
2013,Aug,27,1.9616
2013,Aug,28,1.9068
2013,Aug,29,1.8993
2013,Aug,30,1.8951
2013,Sep,02,1.9363
2013,Sep,03,1.9127
2013,Sep,04,1.8672
2013,Sep,05,1.9418
2013,Sep,06,1.9400
2013,Sep,09,1.9537
2013,Sep,10,1.9759
2013,Sep,11,1.9867
2013,Sep,12,2.0105
2013,Sep,13,1.9805
2013,Sep,16,2.0139
2013,Sep,17,1.9929
2013,Sep,18,1.9941
2013,Sep,19,2.0134
2013,Sep,20,2.0060
2013,Sep,23,2.0008
2013,Sep,24,1.9941
2013,Sep,25,2.0003
2013,Sep,26,2.0191
2013,Sep,27,2.0292
2013,Sep,30,1.9984
2013,Oct,01,2.0058
2013,Oct,02,2.0058
2013,Oct,03,2.0118
2013,Oct,04,2.0188
2013,Oct,07,2.0248
2013,Oct,08,2.0238
2013,Oct,09,2.0085
2013,Oct,10,2.0148
2013,Oct,11,2.0389
2013,Oct,14,2.0356
2013,Oct,16,2.0115
2013,Oct,17,2.0173
2013,Oct,18,2.0275
2013,Oct,21,2.0184
2013,Oct,22,2.0115
2013,Oct,23,2.0207
2013,Oct,24,2.0086
2013,Oct,25,2.0133
2013,Oct,28,2.0132
2013,Oct,29,2.0088
2013,Oct,30,2.0164
2013,Oct,31,2.0182
2013,Nov,01,2.0086
2013,Nov,04,2.0133
2013,Nov,05,2.0082
2013,Nov,06,2.0099
2013,Nov,07,1.9855
2013,Nov,08,1.9847
2013,Nov,11,1.9758
2013,Nov,12,1.9672
2013,Nov,13,1.9595
2013,Nov,14,1.9776
2013,Nov,15,1.9769
2013,Nov,18,1.9842
2013,Nov,19,2.0037
2013,Nov,20,1.9920
2013,Nov,21,1.9862
2013,Nov,22,1.9871
2013,Nov,25,2.0014
2013,Nov,26,2.0014
2013,Nov,27,2.0088
2013,Nov,28,2.0140
2013,Nov,29,2.0159
2013,Dec,02,2.0140
2013,Dec,03,2.0130
2013,Dec,04,2.0076
2013,Dec,05,2.0316
2013,Dec,06,2.0339
2013,Dec,09,2.0482
2013,Dec,10,2.0448
2013,Dec,11,2.0362
2013,Dec,12,2.0333
2013,Dec,13,2.0219
2013,Dec,16,2.0198
2013,Dec,17,2.0276
2013,Dec,18,2.0330
2013,Dec,19,2.0260
2013,Dec,20,2.0334
2013,Dec,23,2.0447
2013,Dec,24,2.0495
2013,Dec,26,2.0500
2013,Dec,27,2.0418
2013,Dec,30,2.0473
2013,Dec,31,2.0463
2014,Jan,02,2.0438
2014,Jan,03,2.0316
2014,Jan,06,2.0328
2014,Jan,07,2.0356
2014,Jan,08,2.0431
2014,Jan,09,2.0448
2014,Jan,10,2.0508
2014,Jan,13,2.0510
2014,Jan,14,2.0608
2014,Jan,15,2.0622
2014,Jan,16,2.0663
2014,Jan,17,2.0737
2014,Jan,20,2.0716
2014,Jan,21,2.0748
2014,Jan,22,2.0621
2014,Jan,23,2.0673
2014,Jan,24,2.0565
2014,Jan,27,2.0341
2014,Jan,28,2.0222
2014,Jan,29,2.0463
2014,Jan,30,2.0320
2014,Feb,03,2.0410
2014,Feb,04,2.0279
2014,Feb,05,2.0336
2014,Feb,06,2.0333
2014,Feb,07,2.0351
2014,Feb,10,2.0401
2014,Feb,11,2.0332
2014,Feb,12,2.0367
2014,Feb,13,2.0406
2014,Feb,14,2.0310
2014,Feb,17,2.0302
2014,Feb,18,2.0329
2014,Feb,19,2.0307
2014,Feb,20,2.0258
2014,Feb,21,2.0375
2014,Feb,24,2.0402
2014,Feb,25,2.0355
2014,Feb,26,2.0403
2014,Feb,27,2.0432
2014,Feb,28,2.0407
2014,Mar,03,2.0472
2014,Mar,04,2.0446
2014,Mar,05,2.0542
2014,Mar,06,2.0631
2014,Mar,07,2.0715
2014,Mar,10,2.0719
2014,Mar,11,2.0877
2014,Mar,12,2.0764
2014,Mar,13,2.0771
2014,Mar,14,2.0595
2014,Mar,17,2.0676
2014,Mar,18,2.0735
2014,Mar,19,2.0697
2014,Mar,20,2.0785
2014,Mar,21,2.0919
2014,Mar,24,2.0942
2014,Mar,25,2.0942
2014,Mar,26,2.1061
2014,Mar,27,2.0991
2014,Mar,28,2.1006
2014,Mar,31,2.1047
2014,Apr,01,2.0975
2014,Apr,02,2.1090
2014,Apr,03,2.1077
2014,Apr,04,2.0948
2014,Apr,07,2.1056
2014,Apr,08,2.0952
2014,Apr,09,2.0854
2014,Apr,10,2.0727
2014,Apr,11,2.0718
2014,Apr,14,2.0791
2014,Apr,15,2.0793
2014,Apr,16,2.0780
2014,Apr,17,2.0746
2014,Apr,21,2.0758
2014,Apr,22,2.0653
2014,Apr,23,2.0610
2014,Apr,24,2.0592
2014,Apr,25,2.0566
2014,Apr,28,2.0695
2014,Apr,29,2.0734
2014,Apr,30,2.0822
2014,May,02,2.0807
2014,May,05,2.0835
2014,May,06,2.0790
2014,May,07,2.0774
2014,May,08,2.0818
2014,May,09,2.0774
2014,May,12,2.0842
2014,May,14,2.1033
2014,May,15,2.1003
2014,May,16,2.1294
2014,May,19,2.1374
2014,May,20,2.1357
2014,May,21,2.1311
2014,May,22,2.1343
2014,May,23,2.1432
2014,May,26,2.1440
2014,May,27,2.1270
2014,May,28,2.1210
2014,May,29,2.1320
2014,May,30,2.1286
2014,Jun,02,2.1230
2014,Jun,03,2.1225
2014,Jun,04,2.1189
2014,Jun,05,2.1216
2014,Jun,06,2.1166
2014,Jun,09,2.1189
2014,Jun,10,2.1100
2014,Jun,11,2.1074
2014,Jun,12,2.1065
2014,Jun,13,2.1031
2014,Jun,16,2.0855
2014,Jun,17,2.0718
2014,Jun,18,2.0831
2014,Jun,19,2.0826
2014,Jun,20,2.0747
2014,Jun,23,2.0772
2014,Jun,24,2.0770
2014,Jun,25,2.0743
2014,Jun,26,2.0760
2014,Jun,27,2.0770
2014,Jun,30,2.0805
2014,Jul,01,2.0723
2014,Jul,02,2.0761
2014,Jul,03,2.0959
2014,Jul,04,2.0892
2014,Jul,07,2.0826
2014,Jul,08,2.0796
2014,Jul,09,2.0759
2014,Jul,10,2.0815
2014,Jul,11,2.0650
2014,Jul,14,2.0698
2014,Jul,15,2.0644
2014,Jul,16,2.0659
2014,Jul,17,2.0650
2014,Jul,18,2.0566
2014,Jul,21,2.0609
2014,Jul,22,2.0596
2014,Jul,23,2.0595
2014,Jul,24,2.0599
2014,Jul,25,2.0628
2014,Jul,29,2.0668
2014,Jul,30,2.0634
2014,Jul,31,2.0690
2014,Aug,01,2.0568
2014,Aug,04,2.0451
2014,Aug,05,2.0421
2014,Aug,06,2.0394
2014,Aug,07,2.0383
2014,Aug,08,2.0326
2014,Aug,11,2.0451
2014,Aug,12,2.0446
2014,Aug,13,2.0413
2014,Aug,14,2.0442
2014,Aug,15,2.0495
2014,Aug,18,2.0481
2014,Aug,19,2.0498
2014,Aug,20,2.0513
2014,Aug,21,2.0615
2014,Aug,22,2.0660
2014,Aug,25,2.0688
2014,Aug,26,2.0651
2014,Aug,27,2.0647
2014,Aug,28,2.0648
2014,Aug,29,2.0648
2014,Sep,01,2.0650
2014,Sep,02,2.0644
2014,Sep,03,2.0693
2014,Sep,04,2.0688
2014,Sep,05,2.0773
2014,Sep,08,2.0824
2014,Sep,09,2.0870
2014,Sep,10,2.0790
2014,Sep,11,2.0764
2014,Sep,12,2.0746
2014,Sep,15,2.0725
2014,Sep,16,2.0674
2014,Sep,17,2.0689
2014,Sep,18,2.0742
2014,Sep,19,2.0879
2014,Sep,22,2.0816
2014,Sep,23,2.0811
2014,Sep,24,2.0779
2014,Sep,25,2.0776
2014,Sep,26,2.0670
2014,Sep,29,2.0759
2014,Sep,30,2.0659
2014,Oct,01,2.0645
2014,Oct,02,2.0602
2014,Oct,03,2.0679
2014,Oct,07,2.0815
2014,Oct,08,2.0823
2014,Oct,09,2.0797
2014,Oct,10,2.0773
2014,Oct,13,2.0749
2014,Oct,14,2.0823
2014,Oct,15,2.0841
2014,Oct,16,2.0646
2014,Oct,17,2.0641
2014,Oct,20,2.0795
2014,Oct,21,2.0695
2014,Oct,23,2.0819
2014,Oct,24,2.0863
2014,Oct,27,2.0818
2014,Oct,28,2.0758
2014,Oct,29,2.0770
2014,Oct,30,2.0810
2014,Oct,31,2.0825
2014,Nov,03,2.0940
2014,Nov,04,2.1021
2014,Nov,05,2.1026
2014,Nov,06,2.1086
2014,Nov,07,2.1065
2014,Nov,10,2.0957
2014,Nov,11,2.0972
2014,Nov,12,2.1002
2014,Nov,13,2.1008
2014,Nov,14,2.0999
2014,Nov,17,2.0993
2014,Nov,18,2.0992
2014,Nov,19,2.1028
2014,Nov,20,2.0985
2014,Nov,21,2.0980
2014,Nov,24,2.1056
2014,Nov,25,2.1013
2014,Nov,26,2.1025
2014,Nov,27,2.0976
2014,Nov,28,2.1039
2014,Dec,01,2.1059
2014,Dec,02,2.1053
2014,Dec,03,2.1170
2014,Dec,04,2.1226
2014,Dec,05,2.1261
2014,Dec,08,2.1354
2014,Dec,09,2.1334
2014,Dec,10,2.1239
2014,Dec,11,2.1085
2014,Dec,12,2.1028
2014,Dec,15,2.1010
2014,Dec,16,2.0657
2014,Dec,17,2.0439
2014,Dec,18,2.0757
2014,Dec,19,2.0851
2014,Dec,22,2.0811
2014,Dec,23,2.0884
2014,Dec,24,2.0872
2014,Dec,26,2.0808
2014,Dec,29,2.0767
2014,Dec,30,2.0784
2014,Dec,31,2.0860
2015,Jan,02,2.0910
2015,Jan,05,2.1052
2015,Jan,06,2.1060
2015,Jan,07,2.1022
2015,Jan,08,2.1185
2015,Jan,09,2.1403
2015,Jan,12,2.1417
2015,Jan,13,2.1489
2015,Jan,14,2.1498
2015,Jan,15,2.1607
2015,Jan,16,2.1313
2015,Jan,19,2.1539
2015,Jan,20,2.1667
2015,Jan,21,2.1709
2015,Jan,22,2.1681
2015,Jan,23,2.1775
2015,Jan,26,2.1895
2015,Jan,27,2.1864
2015,Jan,28,2.1980
2015,Jan,29,2.2010
2015,Jan,30,2.1853
2015,Feb,02,2.1869
2015,Feb,03,2.1933
2015,Feb,04,2.1838
2015,Feb,05,2.1779
2015,Feb,06,2.1789
2015,Feb,09,2.1808
2015,Feb,10,2.1823
2015,Feb,11,2.1800
2015,Feb,12,2.1810
2015,Feb,13,2.1851
2015,Feb,16,2.1813
2015,Feb,17,2.1765
2015,Feb,18,2.1811
2015,Feb,23,2.1878
2015,Feb,24,2.1831
2015,Feb,25,2.1868
2015,Feb,26,2.1847
2015,Feb,27,2.1967
2015,Mar,02,2.2057
2015,Mar,03,2.2047
2015,Mar,04,2.2037
2015,Mar,05,2.1987
2015,Mar,06,2.1982
2015,Mar,09,2.2036
2015,Mar,10,2.2071
2015,Mar,11,2.2108
2015,Mar,12,2.2138
2015,Mar,13,2.2151
2015,Mar,16,2.2112
2015,Mar,17,2.2144
2015,Mar,18,2.2147
2015,Mar,19,2.2119
2015,Mar,20,2.2153
2015,Mar,23,2.2091
2015,Mar,24,2.2014
2015,Mar,25,2.1926
2015,Mar,26,2.1881
2015,Mar,27,2.1846
2015,Mar,30,2.1981
2015,Mar,31,2.1988
2015,Apr,01,2.1929
2015,Apr,02,2.1897
2015,Apr,06,2.1738
2015,Apr,07,2.1775
2015,Apr,08,2.1795
2015,Apr,09,2.1786
2015,Apr,10,2.1774
2015,Apr,13,2.1951
2015,Apr,14,2.1864
2015,Apr,15,2.1840
2015,Apr,16,2.1709
2015,Apr,17,2.1625
2015,Apr,20,2.1520
2015,Apr,21,2.1416
2015,Apr,22,2.1503
2015,Apr,23,2.1402
2015,Apr,24,2.1144
2015,Apr,27,2.0931
2015,Apr,28,2.0957
2015,Apr,29,2.0891
2015,Apr,30,2.0804
2015,May,04,2.0913
2015,May,05,2.1018
2015,May,06,2.0961
2015,May,07,2.0810
2015,May,08,2.0770
2015,May,11,2.0888
2015,May,12,2.0863
2015,May,13,2.0830
2015,May,14,2.0660
2015,May,15,2.0812
2015,May,18,2.0811
2015,May,19,2.0836
2015,May,20,2.0986
2015,May,21,2.0975
2015,May,22,2.0940
2015,May,25,2.1050
2015,May,26,2.1123
2015,May,27,2.1060
2015,May,28,2.1119
2015,May,29,2.1142
2015,Jun,02,2.1281
2015,Jun,03,2.1110
2015,Jun,04,2.0980
2015,Jun,05,2.1091
2015,Jun,08,2.1240
2015,Jun,09,2.1176
2015,Jun,10,2.1168
2015,Jun,11,2.1067
2015,Jun,12,2.1036
2015,Jun,15,2.1022
2015,Jun,16,2.1000
2015,Jun,17,2.0937
2015,Jun,18,2.0903
2015,Jun,19,2.0934
2015,Jun,22,2.0976
2015,Jun,23,2.1039
2015,Jun,24,2.1082
2015,Jun,25,2.1110
2015,Jun,26,2.1116
2015,Jun,29,2.1163
2015,Jun,30,2.1122
2015,Jul,01,2.1128
2015,Jul,02,2.1236
2015,Jul,03,2.1303
2015,Jul,06,2.1242
2015,Jul,07,2.1360
2015,Jul,08,2.1342
2015,Jul,09,2.1258
2015,Jul,10,2.1280
2015,Jul,13,2.1297
2015,Jul,14,2.1408
2015,Jul,15,2.1467
2015,Jul,16,2.1521
2015,Jul,20,2.1600
2015,Jul,21,2.1523
2015,Jul,22,2.1457
2015,Jul,23,2.1478
2015,Jul,24,2.1445
2015,Jul,27,2.1376
2015,Jul,28,2.1334
2015,Jul,29,2.1344
2015,Jul,30,2.1421
2015,Jul,31,2.1448
2015,Aug,03,2.1466
2015,Aug,04,2.1564
2015,Aug,05,2.1687
2015,Aug,06,2.1715
2015,Aug,11,2.1791
2015,Aug,12,2.1826
2015,Aug,13,2.1542
2015,Aug,14,2.1535
2015,Aug,17,2.1585
2015,Aug,18,2.1537
2015,Aug,19,2.1474
2015,Aug,20,2.1512
2015,Aug,21,2.1428
2015,Aug,24,2.1272
2015,Aug,25,2.1154
2015,Aug,26,2.1146
2015,Aug,27,2.1260
2015,Aug,28,2.1209
2015,Aug,31,2.1305
2015,Sep,01,2.1205
2015,Sep,02,2.1331
2015,Sep,03,2.1381
2015,Sep,04,2.1410
2015,Sep,07,2.1364
2015,Sep,08,2.1379
2015,Sep,09,2.1302
2015,Sep,10,2.1298
2015,Sep,14,2.1216
2015,Sep,15,2.1112
2015,Sep,16,2.1071
2015,Sep,17,2.1099
2015,Sep,18,2.1162
2015,Sep,21,2.1338
2015,Sep,22,2.1545
2015,Sep,23,2.1520
2015,Sep,25,2.1522
2015,Sep,28,2.1587
2015,Sep,29,2.1575
2015,Sep,30,2.1658
2015,Oct,01,2.1738
2015,Oct,02,2.1865
2015,Oct,05,2.1955
2015,Oct,06,2.1814
2015,Oct,07,2.1797
2015,Oct,08,2.1710
2015,Oct,09,2.1618
2015,Oct,12,2.1651
2015,Oct,13,2.1613
2015,Oct,14,2.1401
2015,Oct,15,2.1250
2015,Oct,16,2.1295
2015,Oct,19,2.1353
2015,Oct,20,2.1385
2015,Oct,21,2.1349
2015,Oct,22,2.1389
2015,Oct,23,2.1353
2015,Oct,26,2.1450
2015,Oct,27,2.1436
2015,Oct,28,2.1463
2015,Oct,29,2.1514
2015,Oct,30,2.1482
2015,Nov,02,2.1409
2015,Nov,03,2.1329
2015,Nov,04,2.1262
2015,Nov,05,2.1384
2015,Nov,06,2.1393
2015,Nov,09,2.1397
2015,Nov,11,2.1434
2015,Nov,12,2.1455
2015,Nov,13,2.1453
2015,Nov,16,2.1540
2015,Nov,17,2.1589
2015,Nov,18,2.1552
2015,Nov,19,2.1465
2015,Nov,20,2.1358
2015,Nov,23,2.1395
2015,Nov,24,2.1306
2015,Nov,25,2.1190
2015,Nov,26,2.1170
2015,Nov,27,2.1091
2015,Nov,30,2.1162
2015,Dec,01,2.1184
2015,Dec,02,2.1153
2015,Dec,03,2.1158
2015,Dec,04,2.0869
2015,Dec,07,2.1022
2015,Dec,08,2.1081
2015,Dec,09,2.1042
2015,Dec,10,2.1010
2015,Dec,11,2.1067
2015,Dec,14,2.1078
2015,Dec,15,2.1054
2015,Dec,16,2.1020
2015,Dec,17,2.1262
2015,Dec,18,2.1336
2015,Dec,21,2.1285
2015,Dec,22,2.1223
2015,Dec,23,2.1210
2015,Dec,24,2.1278
2015,Dec,28,2.1264
2015,Dec,29,2.1243
2015,Dec,30,2.1295
2015,Dec,31,2.1287
2016,Jan,04,2.1449
2016,Jan,05,2.1442
2016,Jan,06,2.1430
2016,Jan,07,2.1461
2016,Jan,08,2.1512
2016,Jan,11,2.1517
2016,Jan,12,2.1544
2016,Jan,13,2.1489
2016,Jan,14,2.1449
2016,Jan,15,2.1378
2016,Jan,18,2.1291
2016,Jan,19,2.1248
2016,Jan,20,2.1176
2016,Jan,21,2.1202
2016,Jan,22,2.1135
2016,Jan,25,2.1122
2016,Jan,26,2.1090
2016,Jan,27,2.0994
2016,Jan,28,2.0996
2016,Jan,29,2.0987
2016,Feb,01,2.1019
2016,Feb,02,2.0991
2016,Feb,03,2.0992
2016,Feb,04,2.0868
2016,Feb,05,2.0665
2016,Feb,10,2.0530
2016,Feb,11,2.0439
2016,Feb,12,2.0432
2016,Feb,15,2.0594
2016,Feb,16,2.0553
2016,Feb,17,2.0496
2016,Feb,18,2.0520
2016,Feb,19,2.0515
2016,Feb,22,2.0449
2016,Feb,23,2.0445
2016,Feb,24,2.0513
2016,Feb,25,2.0468
2016,Feb,26,2.0358
2016,Feb,29,2.0501
2016,Mar,01,2.0556
2016,Mar,02,2.0721
2016,Mar,03,2.0684
2016,Mar,04,2.0557
2016,Mar,07,2.0579
2016,Mar,08,2.0571
2016,Mar,09,2.0562
2016,Mar,10,2.0598
2016,Mar,11,2.0511
2016,Mar,14,2.0521
2016,Mar,15,2.0495
2016,Mar,16,2.0481
2016,Mar,17,2.0423
2016,Mar,18,2.0332
2016,Mar,21,2.0440
2016,Mar,22,2.0445
2016,Mar,23,2.0385
2016,Mar,24,2.0471
2016,Mar,28,2.0549
2016,Mar,29,2.0572
2016,Mar,30,2.0422
2016,Mar,31,2.0377
2016,Apr,01,2.0365
2016,Apr,04,2.0366
2016,Apr,05,2.0480
2016,Apr,06,2.0397
2016,Apr,07,2.0296
2016,Apr,08,2.0261
2016,Apr,11,2.0282
2016,Apr,12,2.0253
2016,Apr,13,2.0268
2016,Apr,14,2.0460
2016,Apr,15,2.0442
2016,Apr,18,2.0343
2016,Apr,19,2.0295
2016,Apr,20,2.0225
2016,Apr,21,2.0291
2016,Apr,22,2.0260
2016,Apr,25,2.0301
2016,Apr,26,2.0271
2016,Apr,27,2.0291
2016,Apr,28,2.0287
2016,Apr,29,2.0204
2016,May,03,2.0223
2016,May,04,2.0337
2016,May,05,2.0369
2016,May,06,2.0420
2016,May,09,2.0507
2016,May,10,2.0553
2016,May,11,2.0529
2016,May,12,2.0539
2016,May,13,2.0602
2016,May,16,2.0515
2016,May,17,2.0498
2016,May,18,2.0534
2016,May,19,2.0534
2016,May,20,2.0484
2016,May,23,2.0479
2016,May,24,2.0437
2016,May,25,2.0416
2016,May,26,2.0450
2016,May,27,2.0489
2016,May,30,2.0547
2016,May,31,2.0550
2016,Jun,01,2.0521
2016,Jun,02,2.0418
2016,Jun,03,2.0477
2016,Jun,06,2.0339
2016,Jun,07,2.0303
2016,Jun,08,2.0275
2016,Jun,09,2.0258
2016,Jun,10,2.0257
2016,Jun,13,2.0287
2016,Jun,14,2.0177
2016,Jun,15,2.0176
2016,Jun,16,2.0096
2016,Jun,17,2.0095
2016,Jun,20,1.9934
2016,Jun,21,1.9915
2016,Jun,22,1.9880
2016,Jun,23,1.9855
2016,Jun,24,1.9992
2016,Jun,27,2.0004
2016,Jun,28,2.0024
2016,Jun,29,1.9938
2016,Jun,30,1.9960
2016,Jul,01,1.9939
2016,Jul,04,2.0004
2016,Jul,05,1.9996
2016,Jul,07,2.0016
2016,Jul,08,2.0001
2016,Jul,11,2.0063
2016,Jul,12,2.0104
2016,Jul,13,2.0068
2016,Jul,14,2.0110
2016,Jul,15,2.0093
2016,Jul,18,2.0095
2016,Jul,19,2.0106
2016,Jul,20,2.0177
2016,Jul,21,2.0196
2016,Jul,22,2.0183
2016,Jul,25,2.0244
2016,Jul,26,2.0187
2016,Jul,27,2.0201
2016,Jul,28,2.0159
2016,Jul,29,2.0115
2016,Aug,01,2.0067
2016,Aug,02,2.0116
2016,Aug,03,2.0082
2016,Aug,04,2.0030
2016,Aug,05,2.0069
2016,Aug,08,2.0171
2016,Aug,10,2.0109
2016,Aug,11,2.0088
2016,Aug,12,2.0129
2016,Aug,15,2.0117
2016,Aug,16,2.0083
2016,Aug,17,2.0080
2016,Aug,18,2.0051
2016,Aug,19,2.0078
2016,Aug,22,2.0135
2016,Aug,23,2.0109
2016,Aug,24,2.0143
2016,Aug,25,2.0174
2016,Aug,26,2.0182
2016,Aug,29,2.0250
2016,Aug,30,2.0288
2016,Aug,31,2.0326
2016,Sep,01,2.0354
2016,Sep,02,2.0326
2016,Sep,05,2.0394
2016,Sep,06,2.0405
2016,Sep,07,2.0300
2016,Sep,08,2.0266
2016,Sep,09,2.0308
2016,Sep,13,2.0316
2016,Sep,14,2.0390
2016,Sep,15,2.0425
2016,Sep,16,2.0380
2016,Sep,19,2.0381
2016,Sep,20,2.0340
2016,Sep,21,2.0305
2016,Sep,22,2.0245
2016,Sep,23,2.0367
2016,Sep,26,2.0386
2016,Sep,27,2.0432
2016,Sep,28,2.0460
2016,Sep,29,2.0488
2016,Sep,30,2.0468
2016,Oct,03,2.0533
2016,Oct,04,2.0567
2016,Oct,05,2.0572
2016,Oct,06,2.0577
2016,Oct,07,2.0571
2016,Oct,10,2.0634
2016,Oct,11,2.0694
2016,Oct,12,2.0650
2016,Oct,13,2.0739
2016,Oct,14,2.0781
2016,Oct,17,2.0826
2016,Oct,18,2.0787
2016,Oct,19,2.0794
2016,Oct,20,2.0803
2016,Oct,21,2.0832
2016,Oct,24,2.0824
2016,Oct,25,2.0823
2016,Oct,26,2.0789
2016,Oct,27,2.0808
2016,Oct,28,2.0857
2016,Oct,31,2.0865
2016,Nov,01,2.0840
2016,Nov,02,2.0804
2016,Nov,03,2.0739
2016,Nov,04,2.0758
2016,Nov,07,2.0819
2016,Nov,08,2.0839
2016,Nov,09,2.0755
2016,Nov,10,2.1072
2016,Nov,11,2.1024
2016,Nov,14,2.0949
2016,Nov,15,2.0876
2016,Nov,16,2.0903
2016,Nov,17,2.0860
2016,Nov,18,2.0953
2016,Nov,21,2.0957
2016,Nov,22,2.0856
2016,Nov,23,2.0840
2016,Nov,24,2.0856
2016,Nov,25,2.0820
2016,Nov,28,2.0747
2016,Nov,29,2.0759
2016,Nov,30,2.0779
2016,Dec,01,2.0908
2016,Dec,02,2.0844
2016,Dec,05,2.0920
2016,Dec,06,2.0859
2016,Dec,07,2.0961
2016,Dec,08,2.0981
2016,Dec,09,2.1072
2016,Dec,12,2.1183
2016,Dec,13,2.1119
2016,Dec,14,2.1131
2016,Dec,15,2.1215
2016,Dec,16,2.1280
2016,Dec,19,2.1337
2016,Dec,20,2.1352
2016,Dec,21,2.1248
2016,Dec,22,2.1315
2016,Dec,23,2.1298
2016,Dec,27,2.1348
2016,Dec,28,2.1246
2016,Dec,29,2.1254
2016,Dec,30,2.1288
2017,Jan,03,2.1254
2017,Jan,04,2.1237
2017,Jan,05,2.1174
2017,Jan,06,2.1109
2017,Jan,09,2.1138
2017,Jan,10,2.1068
2017,Jan,11,2.1034
2017,Jan,12,2.0965
2017,Jan,13,2.0943
2017,Jan,16,2.0949
2017,Jan,17,2.0980
2017,Jan,18,2.0889
2017,Jan,19,2.0923
2017,Jan,20,2.0925
2017,Jan,23,2.0861
2017,Jan,24,2.0811
2017,Jan,25,2.0838
2017,Jan,26,2.0806
2017,Jan,27,2.0905
2017,Jan,31,2.0913
2017,Feb,01,2.0896
2017,Feb,02,2.0937
2017,Feb,03,2.0972
2017,Feb,06,2.0947
2017,Feb,07,2.0995
2017,Feb,08,2.1046
2017,Feb,09,2.1148
2017,Feb,10,2.1245
2017,Feb,13,2.1260
2017,Feb,14,2.1217
2017,Feb,15,2.1204
2017,Feb,16,2.1201
2017,Feb,17,2.1125
2017,Feb,20,2.1155
2017,Feb,21,2.1235
2017,Feb,22,2.1206
2017,Feb,23,2.1141
2017,Feb,24,2.1063
2017,Feb,27,2.1076
2017,Feb,28,2.1018
2017,Mar,01,2.1064
2017,Mar,02,2.1129
2017,Mar,03,2.1143
2017,Mar,06,2.1151
2017,Mar,07,2.1157
2017,Mar,08,2.1156
2017,Mar,09,2.1240
2017,Mar,10,2.1294
2017,Mar,13,2.1201
2017,Mar,14,2.1359
2017,Mar,15,2.1504
2017,Mar,16,2.1514
2017,Mar,17,2.1395
2017,Mar,20,2.1373
2017,Mar,21,2.1378
2017,Mar,22,2.1380
2017,Mar,23,2.1397
2017,Mar,24,2.1402
2017,Mar,27,2.1423
2017,Mar,28,2.1448
2017,Mar,29,2.1510
2017,Mar,30,2.1486
2017,Mar,31,2.1567
2017,Apr,03,2.1550
2017,Apr,04,2.1494
2017,Apr,05,2.1462
2017,Apr,06,2.1565
2017,Apr,07,2.1707
2017,Apr,10,2.1840
2017,Apr,11,2.1767
2017,Apr,12,2.1708
2017,Apr,13,2.1648
2017,Apr,17,2.1677
2017,Apr,18,2.1653
2017,Apr,19,2.1640
2017,Apr,20,2.1607
2017,Apr,21,2.1614
2017,Apr,24,2.1625
2017,Apr,25,2.1660
2017,Apr,26,2.1771
2017,Apr,27,2.1775
2017,Apr,28,2.1744
2017,May,02,2.1732
2017,May,03,2.1738
2017,May,04,2.1758
2017,May,05,2.1805
2017,May,08,2.1859
2017,May,09,2.1804
2017,May,11,2.1868
2017,May,12,2.1919
2017,May,15,2.1905
2017,May,16,2.1814
2017,May,17,2.1778
2017,May,18,2.1597
2017,May,19,2.1488
2017,May,22,2.1515
2017,May,23,2.1416
2017,May,24,2.1441
2017,May,25,2.1429
2017,May,26,2.1455
2017,May,29,2.1441
2017,May,30,2.1459
2017,May,31,2.1452
2017,Jun,01,2.1481
2017,Jun,02,2.1535
2017,Jun,05,2.1488
2017,Jun,06,2.1450
2017,Jun,07,2.1425
2017,Jun,08,2.1481
2017,Jun,09,2.1539
2017,Jun,12,2.1492
2017,Jun,13,2.1451
2017,Jun,14,2.1477
2017,Jun,15,2.1425
2017,Jun,16,2.1415
2017,Jun,19,2.1467
2017,Jun,20,2.1492
2017,Jun,21,2.1496
2017,Jun,22,2.1545
2017,Jun,23,2.1522
2017,Jun,27,2.1526
2017,Jun,28,2.1460
2017,Jun,29,2.1424
2017,Jun,30,2.1300
2017,Jul,03,2.1308
2017,Jul,04,2.1322
2017,Jul,05,2.1342
2017,Jul,06,2.1331
2017,Jul,07,2.1358
2017,Jul,10,2.1424
2017,Jul,11,2.1472
2017,Jul,12,2.1386
2017,Jul,13,2.1371
2017,Jul,14,2.1340
2017,Jul,17,2.1286
2017,Jul,18,2.1256
2017,Jul,19,2.1255
2017,Jul,20,2.1264
2017,Jul,21,2.1227
2017,Jul,24,2.1130
2017,Jul,25,2.1145
2017,Jul,26,2.1156
2017,Jul,27,2.1141
2017,Jul,28,2.1192
2017,Jul,31,2.1196
2017,Aug,01,2.1152
2017,Aug,02,2.1222
2017,Aug,03,2.1376
2017,Aug,04,2.1328
2017,Aug,07,2.1368
2017,Aug,08,2.1345
2017,Aug,10,2.1313
2017,Aug,11,2.1233
2017,Aug,14,2.1263
2017,Aug,15,2.1262
2017,Aug,16,2.1260
2017,Aug,17,2.1246
2017,Aug,18,2.1286
2017,Aug,21,2.1271
2017,Aug,22,2.1234
2017,Aug,23,2.1262
2017,Aug,24,2.1238
2017,Aug,25,2.1244
2017,Aug,28,2.1224
2017,Aug,29,2.1185
2017,Aug,30,2.1182
2017,Aug,31,2.1217
2017,Sep,04,2.1223
2017,Sep,05,2.1124
2017,Sep,06,2.1066
2017,Sep,07,2.1053
2017,Sep,08,2.0934
2017,Sep,11,2.1034
2017,Sep,12,2.1027
2017,Sep,13,2.1028
2017,Sep,14,2.1063
2017,Sep,15,2.1003
2017,Sep,18,2.0993
2017,Sep,19,2.0999
2017,Sep,20,2.0948
2017,Sep,21,2.0969
2017,Sep,22,2.0725
2017,Sep,25,2.0784
2017,Sep,26,2.0724
2017,Sep,27,2.0703
2017,Sep,28,2.0681
2017,Sep,29,2.0804
2017,Oct,02,2.0837
2017,Oct,03,2.0831
2017,Oct,04,2.0815
2017,Oct,05,2.0952
2017,Oct,06,2.0938
2017,Oct,09,2.0886
2017,Oct,10,2.0841
2017,Oct,11,2.0793
2017,Oct,12,2.0784
2017,Oct,13,2.0860
2017,Oct,16,2.0880
2017,Oct,17,2.0884
2017,Oct,19,2.0890
2017,Oct,20,2.0916
2017,Oct,23,2.0927
2017,Oct,24,2.0931
2017,Oct,25,2.0922
2017,Oct,26,2.1008
2017,Oct,27,2.1042
2017,Oct,30,2.1046
2017,Oct,31,2.0992
2017,Nov,01,2.1092
2017,Nov,02,2.1063
2017,Nov,03,2.1080
2017,Nov,06,2.1093
2017,Nov,07,2.1065
2017,Nov,08,2.0938
2017,Nov,09,2.0994
2017,Nov,10,2.0889
2017,Nov,13,2.0835
2017,Nov,14,2.0833
2017,Nov,15,2.0797
2017,Nov,16,2.0783
2017,Nov,17,2.0905
2017,Nov,20,2.0869
2017,Nov,21,2.0855
2017,Nov,22,2.0903
2017,Nov,23,2.0780
2017,Nov,24,2.0814
2017,Nov,27,2.0776
2017,Nov,28,2.0857
2017,Nov,29,2.0886
2017,Nov,30,2.0891
2017,Dec,01,2.0903
2017,Dec,04,2.0905
2017,Dec,05,2.0939
2017,Dec,06,2.0907
2017,Dec,07,2.0891
2017,Dec,08,2.0930
2017,Dec,11,2.0978
2017,Dec,12,2.0972
2017,Dec,13,2.0945
2017,Dec,14,2.0953
2017,Dec,15,2.1002
2017,Dec,18,2.0907
2017,Dec,19,2.1007
2017,Dec,20,2.1028
2017,Dec,21,2.0986
2017,Dec,22,2.0991
2017,Dec,26,2.0990
2017,Dec,27,2.0928
2017,Dec,28,2.0851
2017,Dec,29,2.0888
2018,Jan,02,2.0926
2018,Jan,03,2.0932
2018,Jan,04,2.0930
2018,Jan,05,2.0951
2018,Jan,08,2.1005
2018,Jan,09,2.0961
2018,Jan,10,2.0976
2018,Jan,11,2.0922
2018,Jan,12,2.0892
2018,Jan,15,2.0851
2018,Jan,16,2.0763
2018,Jan,17,2.0647
2018,Jan,18,2.0739
2018,Jan,19,2.0706
2018,Jan,22,2.0672
2018,Jan,23,2.0659
2018,Jan,24,2.0663
2018,Jan,25,2.0553
2018,Jan,26,2.0582
2018,Jan,29,2.0580
2018,Jan,30,2.0603
2018,Jan,31,2.0566
2018,Feb,01,2.0622
2018,Feb,02,2.0453
2018,Feb,05,2.0539
2018,Feb,06,2.0535
2018,Feb,07,2.0562
2018,Feb,08,2.0655
2018,Feb,09,2.0701
2018,Feb,12,2.0629
2018,Feb,13,2.0586
2018,Feb,14,2.0570
2018,Feb,15,2.0533
2018,Feb,19,2.0412
2018,Feb,20,2.0397
2018,Feb,21,2.0369
2018,Feb,22,2.0371
2018,Feb,23,2.0362
2018,Feb,26,2.0383
2018,Feb,27,2.0332
2018,Feb,28,2.0366
2018,Mar,01,2.0327
2018,Mar,02,2.0261
2018,Mar,05,2.0296
2018,Mar,06,2.0277
2018,Mar,07,2.0275
2018,Mar,08,2.0240
2018,Mar,09,2.0249
2018,Mar,12,2.0224
2018,Mar,13,2.0221
2018,Mar,14,2.0144
2018,Mar,15,2.0177
2018,Mar,16,2.0252
2018,Mar,19,2.0268
2018,Mar,20,2.0163
2018,Mar,21,2.0207
2018,Mar,22,2.0158
2018,Mar,23,2.0179
2018,Mar,26,2.0207
2018,Mar,27,2.0175
2018,Mar,28,2.0129
2018,Mar,29,2.0130
2018,Apr,02,2.0128
2018,Apr,03,2.0132
2018,Apr,04,2.0183
2018,Apr,05,2.0197
2018,Apr,06,2.0255
2018,Apr,09,2.0240
2018,Apr,10,2.0197
2018,Apr,11,2.0111
2018,Apr,12,2.0022
2018,Apr,13,2.0095
2018,Apr,16,2.0076
2018,Apr,17,2.0026
2018,Apr,18,1.9938
2018,Apr,19,1.9902
2018,Apr,20,1.9873
2018,Apr,23,1.9896
2018,Apr,24,1.9935
2018,Apr,25,1.9887
2018,Apr,26,1.9865
2018,Apr,27,1.9887
2018,Apr,30,1.9871
2018,May,02,1.9999
2018,May,03,2.0028
2018,May,04,1.9948
2018,May,07,1.9883
2018,May,08,1.9888
2018,May,09,1.9910
2018,May,10,1.9944
2018,May,11,1.9910
2018,May,14,1.9822
2018,May,15,1.9774
2018,May,16,1.9774
2018,May,17,1.9795
2018,May,18,1.9785
2018,May,21,1.9734
2018,May,22,1.9710
2018,May,23,1.9664
2018,May,24,1.9657
2018,May,25,1.9642
2018,May,28,1.9860
2018,May,30,1.9824
2018,May,31,1.9870
2018,Jun,01,1.9910
2018,Jun,04,1.9967
2018,Jun,05,1.9888
2018,Jun,06,1.9881
2018,Jun,07,1.9855
2018,Jun,08,1.9774
2018,Jun,11,1.9789
2018,Jun,12,1.9795
2018,Jun,13,1.9785
2018,Jun,14,1.9768
2018,Jun,18,1.9841
2018,Jun,19,1.9863
2018,Jun,20,1.9921
2018,Jun,21,1.9966
2018,Jun,22,2.0022
2018,Jun,25,2.0005
2018,Jun,26,1.9951
2018,Jun,27,1.9909
2018,Jun,28,1.9801
2018,Jun,29,1.9898
2018,Jul,02,1.9949
2018,Jul,03,1.9911
2018,Jul,04,1.9888
2018,Jul,05,1.9841
2018,Jul,06,1.9795
2018,Jul,09,1.9763
2018,Jul,10,1.9727
2018,Jul,11,1.9751
2018,Jul,12,1.9854
2018,Jul,13,1.9937
2018,Jul,16,1.9902
2018,Jul,17,1.9887
2018,Jul,18,1.9957
2018,Jul,19,1.9882
2018,Jul,20,1.9856
2018,Jul,23,1.9816
2018,Jul,24,1.9816
2018,Jul,25,1.9808
2018,Jul,26,1.9792
2018,Jul,27,1.9867
2018,Jul,30,1.9820
2018,Jul,31,1.9838
2018,Aug,01,1.9874
2018,Aug,02,1.9969
2018,Aug,03,1.9913
2018,Aug,06,1.9921
2018,Aug,07,1.9870
2018,Aug,08,1.9867
2018,Aug,10,1.9874
2018,Aug,13,1.9785
2018,Aug,14,1.9701
2018,Aug,15,1.9731
2018,Aug,16,1.9592
2018,Aug,17,1.9616
2018,Aug,20,1.9628
2018,Aug,21,1.9638
2018,Aug,23,1.9577
2018,Aug,24,1.9564
2018,Aug,27,1.9553
2018,Aug,28,1.9469
2018,Aug,29,1.9416
2018,Aug,30,1.9297
2018,Aug,31,1.9281
2018,Sep,03,1.9367
2018,Sep,04,1.9279
2018,Sep,05,1.9265
2018,Sep,06,1.9153
2018,Sep,07,1.9123
2018,Sep,10,1.9117
2018,Sep,11,1.9004
2018,Sep,12,1.8906
2018,Sep,13,1.9007
2018,Sep,14,1.9074
2018,Sep,17,1.8949
2018,Sep,18,1.8932
2018,Sep,19,1.8830
2018,Sep,20,1.8919
2018,Sep,21,1.8978
2018,Sep,24,1.8864
2018,Sep,25,1.8743
2018,Sep,26,1.8791
2018,Sep,27,1.8825
2018,Sep,28,1.8849
2018,Oct,01,1.8853
2018,Oct,02,1.8826
2018,Oct,03,1.8735
2018,Oct,04,1.8744
2018,Oct,05,1.8803
2018,Oct,08,1.8720
2018,Oct,09,1.8703
2018,Oct,10,1.8583
2018,Oct,11,1.8568
2018,Oct,12,1.8629
2018,Oct,15,1.8670
2018,Oct,16,1.8640
2018,Oct,17,1.8719
2018,Oct,18,1.8717
2018,Oct,19,1.8759
2018,Oct,22,1.8776
2018,Oct,23,1.8730
2018,Oct,24,1.8798
2018,Oct,25,1.8827
2018,Oct,26,1.8848
2018,Oct,29,1.8809
2018,Oct,30,1.8799
2018,Oct,31,1.8745
2018,Nov,01,1.8734
2018,Nov,02,1.8834
2018,Nov,05,1.8888
2018,Nov,07,1.8805
2018,Nov,08,1.8936
2018,Nov,09,1.8933
2018,Nov,12,1.8942
2018,Nov,13,1.9033
2018,Nov,14,1.9131
2018,Nov,15,1.9095
2018,Nov,16,1.9138
2018,Nov,19,1.9061
2018,Nov,20,1.9221
2018,Nov,21,1.9259
2018,Nov,22,1.9302
2018,Nov,23,1.9420
2018,Nov,26,1.9531
2018,Nov,27,1.9388
2018,Nov,28,1.9452
2018,Nov,29,1.9571
2018,Nov,30,1.9663
2018,Dec,03,1.9547
2018,Dec,04,1.9372
2018,Dec,05,1.9356
2018,Dec,06,1.9312
2018,Dec,07,1.9410
2018,Dec,10,1.9192
2018,Dec,11,1.8996
2018,Dec,12,1.9035
2018,Dec,13,1.9141
2018,Dec,14,1.9124
2018,Dec,17,1.9158
2018,Dec,18,1.9249
2018,Dec,19,1.9530
2018,Dec,20,1.9459
2018,Dec,21,1.9545
2018,Dec,24,1.9586
2018,Dec,26,1.9622
2018,Dec,27,1.9545
2018,Dec,28,1.9523
2018,Dec,31,1.9542
2019,Jan,02,1.9613
2019,Jan,03,1.9379
2019,Jan,04,1.9481
2019,Jan,07,1.9537
2019,Jan,08,1.9382
2019,Jan,09,1.9339
2019,Jan,10,1.9193
2019,Jan,11,1.9182
2019,Jan,14,1.9180
2019,Jan,15,1.9071
2019,Jan,16,1.9094
2019,Jan,17,1.9047
2019,Jan,18,1.9037
2019,Jan,21,1.9016
2019,Jan,22,1.9070
2019,Jan,23,1.9088
2019,Jan,24,1.9072
2019,Jan,25,1.9133
2019,Jan,28,1.9019
2019,Jan,29,1.9026
2019,Jan,30,1.8951
2019,Jan,31,1.8981
2019,Feb,01,1.8944
2019,Feb,04,1.8864
2019,Feb,07,1.8920
2019,Feb,08,1.9002
2019,Feb,11,1.9032
2019,Feb,12,1.9142
2019,Feb,13,1.9222
2019,Feb,14,1.9154
2019,Feb,15,1.9058
2019,Feb,18,1.8990
2019,Feb,19,1.9032
2019,Feb,20,1.8967
2019,Feb,21,1.9020
2019,Feb,22,1.9022
2019,Feb,25,1.9004
2019,Feb,26,1.8931
2019,Feb,27,1.9001
2019,Feb,28,1.8949
2019,Mar,01,1.9088
2019,Mar,04,1.9062
2019,Mar,05,1.9140
2019,Mar,06,1.9231
2019,Mar,07,1.9380
2019,Mar,08,1.9393
2019,Mar,11,1.9414
2019,Mar,12,1.9477
2019,Mar,13,1.9446
2019,Mar,14,1.9455
2019,Mar,15,1.9594
2019,Mar,18,1.9617
2019,Mar,19,1.9737
2019,Mar,20,1.9554
2019,Mar,21,1.9654
2019,Mar,22,1.9662
2019,Mar,25,1.9557
2019,Mar,26,1.9613
2019,Mar,27,1.9627
2019,Mar,28,1.9633
2019,Mar,29,1.9605
2019,Apr,01,1.9565
2019,Apr,02,1.9562
2019,Apr,03,1.9727
2019,Apr,04,1.9720
2019,Apr,05,1.9593
2019,Apr,08,1.9500
2019,Apr,09,1.9444
2019,Apr,10,1.9569
2019,Apr,11,1.9576
2019,Apr,12,1.9610
2019,Apr,15,1.9536
2019,Apr,16,1.9477
2019,Apr,17,1.9470
2019,Apr,18,1.9484
2019,Apr,22,1.9422
2019,Apr,23,1.9490
2019,Apr,24,1.9467
2019,Apr,25,1.9441
2019,Apr,26,1.9405
2019,Apr,29,1.9481
2019,Apr,30,1.9517
2019,May,02,1.9563
2019,May,03,1.9655
2019,May,06,1.9651
2019,May,07,1.9645
2019,May,08,1.9557
2019,May,09,1.9506
2019,May,10,1.9460
2019,May,13,1.9473
2019,May,14,1.9428
2019,May,15,1.9473
2019,May,16,1.9471
2019,May,17,1.9572
2019,May,21,1.9729
2019,May,22,1.9795
2019,May,23,1.9887
2019,May,24,1.9774
2019,May,27,1.9786
2019,May,28,1.9760
2019,May,29,1.9774
2019,May,30,1.9769
2019,May,31,1.9770
2019,Jun,03,1.9738
2019,Jun,04,1.9805
2019,Jun,06,1.9674
2019,Jun,07,1.9711
2019,Jun,10,1.9677
2019,Jun,11,1.9649
2019,Jun,12,1.9664
2019,Jun,13,1.9702
2019,Jun,14,1.9661
2019,Jun,17,1.9617
2019,Jun,18,1.9634
2019,Jun,19,1.9668
2019,Jun,20,1.9536
2019,Jun,21,1.9455
2019,Jun,24,1.9465
2019,Jun,25,1.9530
2019,Jun,26,1.9521
2019,Jun,27,1.9554
2019,Jun,28,1.9628
2019,Jul,01,1.9639
2019,Jul,02,1.9649
2019,Jul,03,1.9700
2019,Jul,04,1.9685
2019,Jul,05,1.9747
2019,Jul,08,1.9858
2019,Jul,09,1.9770
2019,Jul,10,1.9849
2019,Jul,11,1.9831
2019,Jul,12,1.9820
2019,Jul,15,1.9787
2019,Jul,16,1.9779
2019,Jul,17,1.9777
2019,Jul,18,1.9767
2019,Jul,19,1.9719
2019,Jul,22,1.9719
2019,Jul,23,1.9745
2019,Jul,24,1.9770
2019,Jul,25,1.9788
2019,Jul,26,1.9806
2019,Jul,29,1.9898
2019,Jul,30,1.9903
2019,Jul,31,1.9877
2019,Aug,01,1.9908
2019,Aug,02,1.9857
2019,Aug,05,1.9618
2019,Aug,06,1.9547
2019,Aug,07,1.9507
2019,Aug,08,1.9508
2019,Aug,13,1.9529
2019,Aug,14,1.9528
2019,Aug,15,1.9482
2019,Aug,16,1.9439
2019,Aug,19,1.9473
2019,Aug,20,1.9344
2019,Aug,21,1.9342
2019,Aug,22,1.9333
2019,Aug,23,1.9258
2019,Aug,26,1.9299
2019,Aug,27,1.9356
2019,Aug,28,1.9431
2019,Aug,29,1.9299
2019,Aug,30,1.9372
2019,Sep,02,1.9441
2019,Sep,03,1.9351
2019,Sep,04,1.9227
2019,Sep,05,1.9238
2019,Sep,06,1.9304
2019,Sep,09,1.9251
2019,Sep,10,1.9243
2019,Sep,11,1.9208
2019,Sep,12,1.9299
2019,Sep,13,1.9370
2019,Sep,16,1.9209
2019,Sep,17,1.9172
2019,Sep,18,1.9238
2019,Sep,19,1.9346
2019,Sep,20,1.9341
2019,Sep,23,1.9399
2019,Sep,24,1.9455
2019,Sep,25,1.9364
2019,Sep,26,1.9438
2019,Sep,27,1.9491
2019,Sep,30,1.9606
2019,Oct,01,1.9555
2019,Oct,02,1.9468
2019,Oct,03,1.9389
2019,Oct,04,1.9485
2019,Oct,07,1.9434
2019,Oct,08,1.9450
2019,Oct,09,1.9421
2019,Oct,10,1.9400
2019,Oct,11,1.9376
2019,Oct,14,1.9326
2019,Oct,15,1.9206
2019,Oct,16,1.9144
2019,Oct,17,1.9155
2019,Oct,18,1.9175
2019,Oct,21,1.9162
2019,Oct,22,1.9197
2019,Oct,23,1.9212
2019,Oct,24,1.9228
2019,Oct,25,1.9210
2019,Oct,29,1.9273
2019,Oct,30,1.9205
2019,Oct,31,1.9213
2019,Nov,01,1.9149
2019,Nov,04,1.9201
2019,Nov,05,1.9202
2019,Nov,06,1.9183
2019,Nov,07,1.9139
2019,Nov,08,1.9079
2019,Nov,11,1.9070
2019,Nov,12,1.9013
2019,Nov,13,1.9004
2019,Nov,14,1.8889
2019,Nov,15,1.8951
2019,Nov,18,1.8990
2019,Nov,19,1.8916
2019,Nov,20,1.8966
2019,Nov,21,1.8966
2019,Nov,22,1.8991
2019,Nov,25,1.9022
2019,Nov,26,1.9047
2019,Nov,27,1.9113
2019,Nov,28,1.9141
2019,Nov,29,1.9047
2019,Dec,02,1.9078
2019,Dec,03,1.9062
2019,Dec,04,1.9013
2019,Dec,05,1.9048
2019,Dec,06,1.9079
2019,Dec,09,1.9094
2019,Dec,10,1.9151
2019,Dec,11,1.9198
2019,Dec,12,1.9189
2019,Dec,13,1.9153
2019,Dec,16,1.9142
2019,Dec,17,1.9078
2019,Dec,18,1.9086
2019,Dec,19,1.9096
2019,Dec,20,1.9064
2019,Dec,23,1.9062
2019,Dec,24,1.9046
2019,Dec,26,1.9016
2019,Dec,27,1.8998
2019,Dec,30,1.8931
2019,Dec,31,1.8907
2020,Jan,02,1.8883
2020,Jan,03,1.8857
2020,Jan,06,1.8737
2020,Jan,07,1.8797
2020,Jan,08,1.8754
2020,Jan,09,1.8888
2020,Jan,10,1.8978
2020,Jan,13,1.9007
2020,Jan,14,1.9013
2020,Jan,15,1.8997
2020,Jan,16,1.9025
2020,Jan,17,1.8972
2020,Jan,20,1.8949
2020,Jan,21,1.8955
2020,Jan,22,1.8965
2020,Jan,23,1.8939
2020,Jan,24,1.8942
2020,Jan,28,1.9019
2020,Jan,29,1.9061
2020,Jan,30,1.9083
2020,Jan,31,1.9064
2020,Feb,03,1.9118
2020,Feb,04,1.9249
2020,Feb,05,1.9387
2020,Feb,06,1.9436
2020,Feb,07,1.9447
2020,Feb,10,1.9478
2020,Feb,11,1.9482
2020,Feb,12,1.9460
2020,Feb,13,1.9434
2020,Feb,14,1.9484
2020,Feb,17,1.9452
2020,Feb,18,1.9466
2020,Feb,19,1.9430
2020,Feb,20,1.9524
2020,Feb,21,1.9529
2020,Feb,24,1.9509
2020,Feb,25,1.9448
2020,Feb,26,1.9484
2020,Feb,27,1.9500
2020,Feb,28,1.9438
2020,Mar,02,1.9292
2020,Mar,03,1.9155
2020,Mar,04,1.9008
2020,Mar,05,1.8870
2020,Mar,06,1.8740
2020,Mar,09,1.8662
2020,Mar,10,1.8659
2020,Mar,11,1.8814
2020,Mar,12,1.8863
2020,Mar,13,1.8983
2020,Mar,16,1.9120
2020,Mar,17,1.9164
2020,Mar,18,1.9285
2020,Mar,19,1.9398
2020,Mar,20,1.9400
2020,Mar,23,1.9193
2020,Mar,24,1.9118
2020,Mar,25,1.8947
2020,Mar,26,1.9090
2020,Mar,27,1.9088
2020,Mar,30,1.8979
2020,Mar,31,1.8876
2020,Apr,01,1.8907
2020,Apr,02,1.8789
2020,Apr,03,1.8860
2020,Apr,06,1.8895
2020,Apr,07,1.8856
2020,Apr,08,1.8838
2020,Apr,09,1.8741
2020,Apr,13,1.8587
2020,Apr,14,1.8544
2020,Apr,15,1.8606
2020,Apr,16,1.8629
2020,Apr,17,1.8584
2020,Apr,20,1.8588
2020,Apr,21,1.8611
2020,Apr,22,1.8599
2020,Apr,23,1.8671
2020,Apr,24,1.8724
2020,Apr,27,1.8655
2020,Apr,28,1.8653
2020,Apr,29,1.8620
2020,Apr,30,1.8756
2020,May,04,1.8731
2020,May,05,1.8712
2020,May,06,1.8717
2020,May,08,1.8703
2020,May,11,1.8692
2020,May,12,1.8692
2020,May,13,1.8849
2020,May,14,1.8818
2020,May,15,1.8871
2020,May,18,1.8810
2020,May,19,1.8722
2020,May,20,1.8738
2020,May,21,1.8696
2020,May,22,1.8745
2020,May,26,1.8785
2020,May,27,1.8752
2020,May,28,1.8720
2020,May,29,1.8683
2020,Jun,01,1.8690
2020,Jun,02,1.8608
2020,Jun,03,1.8601
2020,Jun,04,1.8557
2020,Jun,05,1.8502
2020,Jun,08,1.8429
2020,Jun,09,1.8412
2020,Jun,10,1.8383
2020,Jun,11,1.8334
2020,Jun,12,1.8297
2020,Jun,15,1.8349
2020,Jun,16,1.8312
2020,Jun,17,1.8288
2020,Jun,18,1.8294
2020,Jun,19,1.8276
2020,Jun,22,1.8312
2020,Jun,23,1.8379
2020,Jun,24,1.8352
2020,Jun,25,1.8386
2020,Jun,26,1.8412
2020,Jun,29,1.8431
2020,Jun,30,1.8460
2020,Jul,01,1.8457
2020,Jul,02,1.8457
2020,Jul,03,1.8656
2020,Jul,06,1.8646
2020,Jul,07,1.8650
2020,Jul,08,1.8637
2020,Jul,09,1.8550
2020,Jul,13,1.8465
2020,Jul,14,1.8526
2020,Jul,15,1.8468
2020,Jul,16,1.8507
2020,Jul,17,1.8496
2020,Jul,20,1.8568
2020,Jul,21,1.8605
2020,Jul,22,1.8550
2020,Jul,23,1.8544
2020,Jul,24,1.8493
2020,Jul,27,1.8446
2020,Jul,28,1.8427
2020,Jul,29,1.8409
2020,Jul,30,1.8378
2020,Aug,03,1.8374
2020,Aug,04,1.8302
2020,Aug,05,1.8297
2020,Aug,06,1.8304
2020,Aug,07,1.8279
2020,Aug,11,1.8337
2020,Aug,12,1.8427
2020,Aug,13,1.8324
2020,Aug,14,1.8342
2020,Aug,17,1.8305
2020,Aug,18,1.8291
2020,Aug,19,1.8286
2020,Aug,20,1.8263
2020,Aug,21,1.8225
2020,Aug,24,1.8316
2020,Aug,25,1.8470
2020,Aug,26,1.8416
2020,Aug,27,1.8376
2020,Aug,28,1.8479
2020,Aug,31,1.8564
2020,Sep,01,1.8523
2020,Sep,02,1.8634
2020,Sep,03,1.8613
2020,Sep,04,1.8585
2020,Sep,07,1.8624
2020,Sep,08,1.8624
2020,Sep,09,1.8597
2020,Sep,10,1.8624
2020,Sep,11,1.8607
2020,Sep,14,1.8592
2020,Sep,15,1.8550
2020,Sep,16,1.8468
2020,Sep,17,1.8529
2020,Sep,18,1.8454
2020,Sep,21,1.8425
2020,Sep,22,1.8514
2020,Sep,23,1.8591
2020,Sep,24,1.8682
2020,Sep,25,1.8613
2020,Sep,28,1.8669
2020,Sep,29,1.8590
2020,Sep,30,1.8562
2020,Oct,01,1.8531
2020,Oct,02,1.8648
2020,Oct,05,1.8589
2020,Oct,06,1.8567
2020,Oct,07,1.8517
2020,Oct,08,1.8532
2020,Oct,09,1.8538
2020,Oct,12,1.8548
2020,Oct,13,1.8520
2020,Oct,14,1.8517
2020,Oct,15,1.8515
2020,Oct,16,1.8537
2020,Oct,19,1.8500
2020,Oct,20,1.8504
2020,Oct,21,1.8467
2020,Oct,22,1.8403
2020,Oct,23,1.8445
2020,Oct,26,1.8423
2020,Oct,27,1.8380
2020,Oct,28,1.8439
2020,Oct,29,1.8399
2020,Oct,30,1.8366
2020,Nov,02,1.8335
2020,Nov,03,1.8345
2020,Nov,04,1.8255
2020,Nov,05,1.8294
2020,Nov,06,1.8244
2020,Nov,09,1.8191
2020,Nov,10,1.8183
2020,Nov,11,1.8140
2020,Nov,12,1.8126
2020,Nov,13,1.8081
2020,Nov,16,1.8059
2020,Nov,17,1.8065
2020,Nov,18,1.8028
2020,Nov,19,1.8085
2020,Nov,20,1.8122
2020,Nov,23,1.8099
2020,Nov,24,1.8124
2020,Nov,25,1.8130
2020,Nov,26,1.8141
2020,Nov,27,1.8137
2020,Nov,30,1.8071
2020,Dec,01,1.8107
2020,Dec,02,1.8195
2020,Dec,03,1.8123
2020,Dec,04,1.8051
2020,Dec,07,1.8083
2020,Dec,08,1.8108
2020,Dec,09,1.8134
2020,Dec,10,1.8145
2020,Dec,11,1.8106
2020,Dec,14,1.8123
2020,Dec,15,1.8144
2020,Dec,16,1.8116
2020,Dec,17,1.8058
2020,Dec,18,1.8038
2020,Dec,21,1.8114
2020,Dec,22,1.8033
2020,Dec,23,1.8079
2020,Dec,24,1.8000
2020,Dec,28,1.8042
2020,Dec,29,1.8083
2020,Dec,30,1.8053
2020,Dec,31,1.8062
2021,Jan,04,1.8075
2021,Jan,05,1.8040
2021,Jan,06,1.8025
2021,Jan,07,1.8039
2021,Jan,08,1.8063
2021,Jan,11,1.8121
2021,Jan,12,1.8131
2021,Jan,13,1.8084
2021,Jan,14,1.8138
2021,Jan,15,1.8136
2021,Jan,18,1.8186
2021,Jan,19,1.8165
2021,Jan,20,1.8136
2021,Jan,21,1.8148
2021,Jan,22,1.8137
2021,Jan,25,1.8179
2021,Jan,26,1.8183
2021,Jan,27,1.8191
2021,Jan,28,1.8217
2021,Jan,29,1.8244
2021,Feb,01,1.8250
2021,Feb,02,1.8207
2021,Feb,03,1.8250
2021,Feb,04,1.8293
2021,Feb,05,1.8343
2021,Feb,08,1.8310
2021,Feb,09,1.8253
2021,Feb,10,1.8195
2021,Feb,11,1.8203
2021,Feb,15,1.8235
2021,Feb,16,1.8203
2021,Feb,17,1.8210
2021,Feb,18,1.8246
2021,Feb,19,1.8280
2021,Feb,22,1.8246
2021,Feb,23,1.8236
2021,Feb,24,1.8235
2021,Feb,25,1.8237
2021,Feb,26,1.8188
2021,Mar,01,1.8067
2021,Mar,02,1.8131
2021,Mar,03,1.8155
2021,Mar,04,1.8258
2021,Mar,05,1.8329
2021,Mar,08,1.8370
2021,Mar,09,1.8433
2021,Mar,10,1.8472
2021,Mar,11,1.8459
2021,Mar,12,1.8460
2021,Mar,15,1.8503
2021,Mar,16,1.8547
2021,Mar,17,1.8565
2021,Mar,18,1.8529
2021,Mar,19,1.8504
2021,Mar,22,1.8527
2021,Mar,23,1.8520
2021,Mar,24,1.8549
2021,Mar,25,1.8533
2021,Mar,26,1.8576
2021,Mar,29,1.8563
2021,Mar,30,1.8516
2021,Mar,31,1.8327
2021,Apr,01,1.8386
2021,Apr,05,1.8338
2021,Apr,06,1.8300
2021,Apr,07,1.8203
2021,Apr,08,1.8037
2021,Apr,09,1.7939
2021,Apr,12,1.7906
2021,Apr,13,1.7888
2021,Apr,14,1.7787
2021,Apr,15,1.7772
2021,Apr,16,1.7855
2021,Apr,19,1.7841
2021,Apr,20,1.7790
2021,Apr,21,1.7634
2021,Apr,22,1.7623
2021,Apr,23,1.7704
2021,Apr,26,1.7717
2021,Apr,27,1.7757
2021,Apr,28,1.7799
2021,Apr,29,1.7844
2021,Apr,30,1.7881
2021,May,03,1.7945
2021,May,04,1.8031
2021,May,05,1.8067
2021,May,06,1.8103
2021,May,07,1.8102
2021,May,10,1.8076
2021,May,11,1.8047
2021,May,12,1.8083
2021,May,14,1.8180
2021,May,17,1.8224
2021,May,18,1.8198
2021,May,19,1.8212
2021,May,20,1.8225
2021,May,21,1.8232
2021,May,24,1.8270
2021,May,25,1.8217
2021,May,27,1.8200
2021,May,28,1.8243
2021,May,31,1.8264
2021,Jun,01,1.8195
2021,Jun,02,1.8096
2021,Jun,03,1.8095
2021,Jun,04,1.8178
2021,Jun,07,1.8165
2021,Jun,08,1.8181
2021,Jun,09,1.8157
2021,Jun,10,1.8140
2021,Jun,11,1.8125
2021,Jun,14,1.8115
2021,Jun,15,1.8121
2021,Jun,16,1.8102
2021,Jun,17,1.8154
2021,Jun,18,1.8094
2021,Jun,21,1.8142
2021,Jun,22,1.8148
2021,Jun,23,1.8101
2021,Jun,24,1.8123
2021,Jun,25,1.8099
2021,Jun,28,1.8109
2021,Jun,29,1.8083
2021,Jun,30,1.8109
2021,Jul,01,1.8106
2021,Jul,02,1.8091
2021,Jul,05,1.8071
2021,Jul,06,1.8084
2021,Jul,07,1.8051
2021,Jul,08,1.8079
2021,Jul,09,1.8119
2021,Jul,12,1.8141
2021,Jul,13,1.8125
2021,Jul,14,1.8174
2021,Jul,15,1.8173
2021,Jul,16,1.8170
2021,Jul,19,1.8162
2021,Jul,21,1.8325
2021,Jul,22,1.8305
2021,Jul,23,1.8254
2021,Jul,26,1.8271
2021,Jul,27,1.8269
2021,Jul,28,1.8264
2021,Jul,29,1.8236
2021,Jul,30,1.8207
2021,Aug,02,1.8187
2021,Aug,03,1.8184
2021,Aug,04,1.8179
2021,Aug,05,1.8208
2021,Aug,06,1.8236
2021,Aug,10,1.8242
2021,Aug,11,1.8266
2021,Aug,12,1.8272
2021,Aug,13,1.8287
2021,Aug,16,1.8258
2021,Aug,17,1.8286
2021,Aug,18,1.8302
2021,Aug,19,1.8344
2021,Aug,20,1.8336
2021,Aug,23,1.8314
2021,Aug,24,1.8306
2021,Aug,25,1.8270
2021,Aug,26,1.8243
2021,Aug,27,1.8241
2021,Aug,30,1.8325
2021,Aug,31,1.8358
2021,Sep,01,1.8414
2021,Sep,02,1.8421
2021,Sep,03,1.8374
2021,Sep,06,1.8376
2021,Sep,07,1.8356
2021,Sep,08,1.8312
2021,Sep,09,1.8247
2021,Sep,10,1.8236
2021,Sep,13,1.8235
2021,Sep,14,1.8240
2021,Sep,15,1.8234
2021,Sep,16,1.8245
2021,Sep,17,1.8309
2021,Sep,20,1.8305
2021,Sep,21,1.8361
2021,Sep,22,1.8350
2021,Sep,23,1.8317
2021,Sep,24,1.8288
2021,Sep,27,1.8342
2021,Sep,28,1.8330
2021,Sep,29,1.8300
2021,Sep,30,1.8332
2021,Oct,01,1.8309
2021,Oct,04,1.8297
2021,Oct,05,1.8198
2021,Oct,06,1.8197
2021,Oct,07,1.8163
2021,Oct,08,1.8130
2021,Oct,11,1.8037
2021,Oct,12,1.7971
2021,Oct,13,1.7973
2021,Oct,14,1.7929
2021,Oct,15,1.7983
2021,Oct,18,1.7949
2021,Oct,19,1.7938
2021,Oct,20,1.7886
2021,Oct,21,1.7931
2021,Oct,22,1.7983
2021,Oct,25,1.7942
2021,Oct,26,1.7949
2021,Oct,27,1.7975
2021,Oct,28,1.7987
2021,Oct,29,1.7971
2021,Nov,01,1.8008
2021,Nov,02,1.7996
2021,Nov,03,1.8071
2021,Nov,05,1.8151
2021,Nov,08,1.8196
2021,Nov,09,1.8212
2021,Nov,10,1.8181
2021,Nov,11,1.8193
2021,Nov,12,1.8230
2021,Nov,15,1.8178
2021,Nov,16,1.8180
2021,Nov,17,1.8244
2021,Nov,18,1.8282
2021,Nov,19,1.8298
2021,Nov,22,1.8321
2021,Nov,23,1.8344
2021,Nov,24,1.8338
2021,Nov,25,1.8362
2021,Nov,26,1.8378
2021,Nov,29,1.8300
2021,Nov,30,1.8261
2021,Dec,01,1.8196
2021,Dec,02,1.8201
2021,Dec,03,1.8260
2021,Dec,06,1.8205
2021,Dec,07,1.8152
2021,Dec,08,1.8089
2021,Dec,09,1.8066
2021,Dec,10,1.8065
2021,Dec,13,1.8056
2021,Dec,14,1.8046
2021,Dec,15,1.8009
2021,Dec,16,1.7927
2021,Dec,17,1.7912
2021,Dec,20,1.7966
2021,Dec,21,1.8036
2021,Dec,22,1.8061
2021,Dec,23,1.8050
2021,Dec,24,1.8090
2021,Dec,27,1.8052
2021,Dec,28,1.8091
2021,Dec,29,1.8113
2021,Dec,30,1.8129
2021,Dec,31,1.8160
2022,Jan,03,1.8165
2022,Jan,04,1.8183
2022,Jan,05,1.8177
2022,Jan,06,1.8241
2022,Jan,07,1.8262
2022,Jan,10,1.8278
2022,Jan,11,1.8316
2022,Jan,12,1.8307
2022,Jan,13,1.8222
2022,Jan,14,1.8181
2022,Jan,17,1.8182
2022,Jan,18,1.8141
2022,Jan,19,1.8089
2022,Jan,20,1.8097
2022,Jan,21,1.8062
2022,Jan,24,1.8079
2022,Jan,25,1.7998
2022,Jan,26,1.7973
2022,Jan,27,1.7980
2022,Jan,28,1.8009
2022,Jan,31,1.8083
2022,Feb,03,1.7997
2022,Feb,04,1.7975
2022,Feb,07,1.8019
2022,Feb,08,1.7996
2022,Feb,09,1.8006
2022,Feb,10,1.7942
2022,Feb,11,1.7841
2022,Feb,14,1.7817
2022,Feb,15,1.7807
2022,Feb,16,1.7884
2022,Feb,17,1.7886
2022,Feb,18,1.7895
2022,Feb,21,1.8026
2022,Feb,22,1.8026
2022,Feb,23,1.8024
2022,Feb,24,1.8011
2022,Feb,25,1.7960
2022,Feb,28,1.7952
2022,Mar,01,1.8012
2022,Mar,02,1.7912
2022,Mar,03,1.7904
2022,Mar,04,1.7864
2022,Mar,07,1.7750
2022,Mar,08,1.7691
2022,Mar,09,1.7753
2022,Mar,10,1.7801
2022,Mar,11,1.7817
2022,Mar,14,1.7822
2022,Mar,15,1.7882
2022,Mar,16,1.7849
2022,Mar,17,1.7851
2022,Mar,18,1.7819
2022,Mar,21,1.7838
2022,Mar,22,1.7783
2022,Mar,23,1.7835
2022,Mar,24,1.7773
2022,Mar,25,1.7798
2022,Mar,28,1.7820
2022,Mar,29,1.7919
2022,Mar,30,1.7902
2022,Mar,31,1.7872
2022,Apr,01,1.7864
2022,Apr,04,1.7902
2022,Apr,05,1.7981
2022,Apr,06,1.8035
2022,Apr,07,1.7924
2022,Apr,08,1.7946
2022,Apr,11,1.7987
2022,Apr,12,1.7970
2022,Apr,13,1.7917
2022,Apr,14,1.7767
2022,Apr,18,1.7789
2022,Apr,19,1.7877
2022,Apr,20,1.7882
2022,Apr,21,1.7885
2022,Apr,22,1.7883
2022,Apr,25,1.7935
2022,Apr,26,1.7933
2022,Apr,27,1.7953
2022,Apr,28,1.8059
2022,Apr,29,1.8076
2022,May,04,1.8111
2022,May,05,1.8041
2022,May,06,1.8064
2022,May,09,1.7977
2022,May,10,1.7972
2022,May,11,1.7983
2022,May,12,1.7937
2022,May,13,1.8039
2022,May,17,1.7892
2022,May,18,1.7905
2022,May,19,1.7856
2022,May,20,1.7811
2022,May,23,1.7705
2022,May,24,1.7719
2022,May,25,1.7710
2022,May,26,1.7730
2022,May,27,1.7657
2022,May,30,1.7643
2022,May,31,1.7639
2022,Jun,01,1.7691
2022,Jun,02,1.7739
2022,Jun,03,1.7696
2022,Jun,06,1.7711
2022,Jun,07,1.7745
2022,Jun,08,1.7698
2022,Jun,09,1.7695
2022,Jun,10,1.7744
2022,Jun,13,1.7782
2022,Jun,14,1.7846
2022,Jun,15,1.7844
2022,Jun,16,1.7783
2022,Jun,17,1.7753
2022,Jun,20,1.7786
2022,Jun,21,1.7758
2022,Jun,22,1.7751
2022,Jun,23,1.7742
2022,Jun,24,1.7751
2022,Jun,27,1.7697
2022,Jun,28,1.7637
2022,Jun,29,1.7576
2022,Jun,30,1.7630
2022,Jul,01,1.7610
2022,Jul,04,1.7683
2022,Jul,05,1.7666
2022,Jul,06,1.7720
2022,Jul,07,1.7740
2022,Jul,08,1.7690
2022,Jul,12,1.7679
2022,Jul,13,1.7667
2022,Jul,14,1.7497
2022,Jul,15,1.7560
2022,Jul,18,1.7514
2022,Jul,19,1.7473
2022,Jul,20,1.7402
2022,Jul,21,1.7400
2022,Jul,22,1.7412
2022,Jul,25,1.7387
2022,Jul,26,1.7374
2022,Jul,27,1.7391
2022,Jul,28,1.7316
2022,Jul,29,1.7369
2022,Aug,01,1.7446
2022,Aug,02,1.7443
2022,Aug,03,1.7536
2022,Aug,04,1.7377
2022,Aug,05,1.7404
2022,Aug,08,1.7390
2022,Aug,10,1.7332
2022,Aug,11,1.7302
2022,Aug,12,1.7191
2022,Aug,15,1.7235
2022,Aug,16,1.7331
2022,Aug,17,1.7391
2022,Aug,18,1.7369
2022,Aug,19,1.7391
2022,Aug,22,1.7435
2022,Aug,23,1.7494
2022,Aug,24,1.7473
2022,Aug,25,1.7433
2022,Aug,26,1.7408
2022,Aug,29,1.7481
2022,Aug,30,1.7492
2022,Aug,31,1.7536
2022,Sep,01,1.7593
2022,Sep,02,1.7595
2022,Sep,05,1.7590
2022,Sep,06,1.7580
2022,Sep,07,1.7650
2022,Sep,08,1.7630
2022,Sep,09,1.7572
2022,Sep,12,1.7565
2022,Sep,13,1.7618
2022,Sep,14,1.7674
2022,Sep,15,1.7693
2022,Sep,16,1.7650
2022,Sep,19,1.7663
2022,Sep,20,1.7656
2022,Sep,21,1.7688
2022,Sep,22,1.7662
2022,Sep,23,1.7503
2022,Sep,26,1.7617
2022,Sep,27,1.7641
2022,Sep,28,1.7672
2022,Sep,29,1.7613
2022,Sep,30,1.7577
2022,Oct,03,1.7559
2022,Oct,04,1.7529
2022,Oct,05,1.7481
2022,Oct,06,1.7420
2022,Oct,07,1.7369
2022,Oct,10,1.7407
2022,Oct,11,1.7482
2022,Oct,12,1.7491
2022,Oct,13,1.7423
2022,Oct,14,1.7291
2022,Oct,17,1.7319
2022,Oct,18,1.7270
2022,Oct,19,1.7255
2022,Oct,20,1.7181
2022,Oct,21,1.7223
2022,Oct,25,1.7202
2022,Oct,26,1.7174
2022,Oct,27,1.7092
2022,Oct,28,1.7078
2022,Oct,31,1.7136
2022,Nov,01,1.7081
2022,Nov,02,1.7077
2022,Nov,03,1.7088
2022,Nov,04,1.7145
2022,Nov,07,1.7114
2022,Nov,08,1.7128
2022,Nov,09,1.7164
2022,Nov,10,1.7183
2022,Nov,11,1.7140
2022,Nov,14,1.6984
2022,Nov,15,1.6903
2022,Nov,16,1.6855
2022,Nov,17,1.6838
2022,Nov,18,1.6827
2022,Nov,21,1.6829
2022,Nov,22,1.6897
2022,Nov,23,1.6875
2022,Nov,24,1.6791
2022,Nov,25,1.6807
2022,Nov,28,1.6842
2022,Nov,29,1.6839
2022,Nov,30,1.6820
2022,Dec,01,1.6753
2022,Dec,02,1.6671
2022,Dec,05,1.6533
2022,Dec,06,1.6476
2022,Dec,07,1.6454
2022,Dec,08,1.6492
2022,Dec,09,1.6423
2022,Dec,12,1.6406
2022,Dec,13,1.6395
2022,Dec,14,1.6303
2022,Dec,15,1.6321
2022,Dec,16,1.6381
2022,Dec,19,1.6402
2022,Dec,20,1.6395
2022,Dec,21,1.6351
2022,Dec,22,1.6286
2022,Dec,23,1.6330
2022,Dec,27,1.6269
2022,Dec,28,1.6266
2022,Dec,29,1.6292
2022,Dec,30,1.6253
2023,Jan,03,1.6167
2023,Jan,04,1.6196
2023,Jan,05,1.6219
2023,Jan,06,1.6278
2023,Jan,09,1.6165
2023,Jan,10,1.6199
2023,Jan,11,1.6289
2023,Jan,12,1.6298
2023,Jan,13,1.6257
2023,Jan,16,1.6189
2023,Jan,17,1.6149
2023,Jan,18,1.6192
2023,Jan,19,1.6254
2023,Jan,20,1.6291
2023,Jan,25,1.6162
2023,Jan,26,1.6101
2023,Jan,27,1.6111
2023,Jan,30,1.6082
2023,Jan,31,1.6098
2023,Feb,01,1.6068
2023,Feb,02,1.5946
2023,Feb,03,1.5967
2023,Feb,06,1.6051
2023,Feb,07,1.6043
2023,Feb,08,1.6020
2023,Feb,09,1.6043
2023,Feb,10,1.6078
2023,Feb,13,1.6108
2023,Feb,14,1.6072
2023,Feb,15,1.6078
2023,Feb,16,1.6143
2023,Feb,17,1.6185
2023,Feb,20,1.6166
2023,Feb,21,1.6165
2023,Feb,22,1.6169
2023,Feb,23,1.6168
2023,Feb,24,1.6241
2023,Feb,27,1.6290
2023,Feb,28,1.6299
2023,Mar,01,1.6338
2023,Mar,02,1.6283
2023,Mar,03,1.6379
2023,Mar,06,1.6437
2023,Mar,07,1.6442
2023,Mar,08,1.6503
2023,Mar,09,1.6535
2023,Mar,10,1.6525
2023,Mar,13,1.6430
2023,Mar,14,1.6369
2023,Mar,15,1.6296
2023,Mar,16,1.6328
2023,Mar,17,1.6266
2023,Mar,20,1.6268
2023,Mar,21,1.6205
2023,Mar,22,1.6175
2023,Mar,23,1.6101
2023,Mar,24,1.6145
2023,Mar,27,1.6187
2023,Mar,28,1.6162
2023,Mar,29,1.6158
2023,Mar,30,1.6171
2023,Mar,31,1.6161
2023,Apr,03,1.6190
2023,Apr,04,1.6149
2023,Apr,05,1.6153
2023,Apr,06,1.6230
2023,Apr,10,1.6250
2023,Apr,11,1.6231
2023,Apr,12,1.6232
2023,Apr,13,1.6184
2023,Apr,14,1.6236
2023,Apr,17,1.6254
2023,Apr,18,1.6274
2023,Apr,19,1.6244
2023,Apr,20,1.6236
2023,Apr,21,1.6225
2023,Apr,24,1.6279
2023,Apr,25,1.6294
2023,Apr,26,1.6319
2023,Apr,27,1.6345
2023,Apr,28,1.6315
2023,May,02,1.6347
2023,May,03,1.6311
2023,May,04,1.6255
2023,May,05,1.6220
2023,May,08,1.6217
2023,May,09,1.6185
2023,May,10,1.6179
2023,May,11,1.6175
2023,May,12,1.6220
2023,May,15,1.6286
2023,May,16,1.6246
2023,May,17,1.6288
2023,May,18,1.6291
2023,May,19,1.6299
2023,May,22,1.6242
2023,May,23,1.6247
2023,May,24,1.6264
2023,May,25,1.6345
2023,May,26,1.6356
2023,May,29,1.6392
2023,May,30,1.6381
2023,May,31,1.6369
2023,Jun,01,1.6401
2023,Jun,05,1.6369
2023,Jun,06,1.6339
2023,Jun,07,1.6329
2023,Jun,08,1.6326
2023,Jun,09,1.6291
2023,Jun,12,1.6307
2023,Jun,13,1.6274
2023,Jun,14,1.6307
2023,Jun,15,1.6360
2023,Jun,16,1.6313
2023,Jun,19,1.6339
2023,Jun,20,1.6346
2023,Jun,21,1.6370
2023,Jun,22,1.6361
2023,Jun,23,1.6435
2023,Jun,26,1.6492
2023,Jun,27,1.6466
2023,Jun,28,1.6476
2023,Jun,30,1.6529
2023,Jul,03,1.6508
2023,Jul,04,1.6490
2023,Jul,05,1.6461
2023,Jul,06,1.6422
2023,Jul,07,1.6374
2023,Jul,10,1.6337
2023,Jul,11,1.6298
2023,Jul,12,1.6252
2023,Jul,13,1.6213
2023,Jul,14,1.6065
2023,Jul,17,1.6097
2023,Jul,18,1.6106
2023,Jul,19,1.6136
2023,Jul,20,1.6115
2023,Jul,21,1.6173
2023,Jul,24,1.6222
2023,Jul,25,1.6272
2023,Jul,26,1.6210
2023,Jul,27,1.6146
2023,Jul,28,1.6196
2023,Jul,31,1.6192
2023,Aug,01,1.6179
2023,Aug,02,1.6224
2023,Aug,03,1.6241
2023,Aug,04,1.6204
2023,Aug,07,1.6196
2023,Aug,08,1.6233
2023,Aug,10,1.6267
2023,Aug,11,1.6307
2023,Aug,14,1.6328
2023,Aug,15,1.6296
2023,Aug,16,1.6325
2023,Aug,17,1.6398
2023,Aug,18,1.6329
2023,Aug,21,1.6340
2023,Aug,22,1.6316
2023,Aug,23,1.6354
2023,Aug,24,1.6394
2023,Aug,25,1.6418
2023,Aug,28,1.6420
2023,Aug,29,1.6381
2023,Aug,30,1.6352
2023,Aug,31,1.6346
2023,Sep,04,1.6351
2023,Sep,05,1.6383
2023,Sep,06,1.6390
2023,Sep,07,1.6403
2023,Sep,08,1.6396
2023,Sep,11,1.6427
2023,Sep,12,1.6395
2023,Sep,13,1.6421
2023,Sep,14,1.6389
2023,Sep,15,1.6398
2023,Sep,18,1.6406
2023,Sep,19,1.6389
2023,Sep,20,1.6406
2023,Sep,21,1.6470
2023,Sep,22,1.6482
2023,Sep,25,1.6440
2023,Sep,26,1.6444
2023,Sep,27,1.6468
2023,Sep,28,1.6483
2023,Sep,29,1.6420
2023,Oct,02,1.6460
2023,Oct,03,1.6516
2023,Oct,04,1.6520
2023,Oct,05,1.6453
2023,Oct,06,1.6433
2023,Oct,09,1.6441
2023,Oct,10,1.6407
2023,Oct,11,1.6379
2023,Oct,12,1.6389
2023,Oct,13,1.6450
2023,Oct,16,1.6451
2023,Oct,17,1.6444
2023,Oct,18,1.6435
2023,Oct,19,1.6498
2023,Oct,20,1.6503
2023,Oct,23,1.6515
2023,Oct,24,1.6443
2023,Oct,25,1.6453
2023,Oct,26,1.6493
2023,Oct,27,1.6452
2023,Oct,30,1.6436
2023,Oct,31,1.6418
2023,Nov,01,1.6452
2023,Nov,02,1.6405
2023,Nov,03,1.6369
2023,Nov,06,1.6255
2023,Nov,07,1.6249
2023,Nov,08,1.6273
2023,Nov,09,1.6282
2023,Nov,10,1.6335
2023,Nov,14,1.6347
2023,Nov,15,1.6219
2023,Nov,16,1.6249
2023,Nov,17,1.6192
2023,Nov,20,1.6098
2023,Nov,21,1.6017
2023,Nov,22,1.6063
2023,Nov,23,1.6097
2023,Nov,24,1.6096
2023,Nov,27,1.6061
2023,Nov,28,1.6014
2023,Nov,29,1.5971
2023,Nov,30,1.5984
2023,Dec,01,1.6064
2023,Dec,04,1.6023
2023,Dec,05,1.6056
2023,Dec,06,1.6076
2023,Dec,07,1.6108
2023,Dec,08,1.6036
2023,Dec,11,1.6107
2023,Dec,12,1.6107
2023,Dec,13,1.6117
2023,Dec,14,1.5962
2023,Dec,15,1.5932
2023,Dec,18,1.6066
2023,Dec,19,1.6020
2023,Dec,20,1.5974
2023,Dec,21,1.5976
2023,Dec,22,1.5937
2023,Dec,26,1.5904
2023,Dec,27,1.5898
2023,Dec,28,1.5822
2023,Dec,29,1.5859
2024,Jan,02,1.5878
2024,Jan,03,1.5921
2024,Jan,04,1.5953
2024,Jan,05,1.5989
2024,Jan,08,1.6022
2024,Jan,09,1.5988
2024,Jan,10,1.6011
2024,Jan,11,1.6015
2024,Jan,12,1.6018
2024,Jan,15,1.6081
2024,Jan,16,1.6118
2024,Jan,17,1.6167
2024,Jan,18,1.6161
2024,Jan,19,1.6141
2024,Jan,22,1.6128
2024,Jan,23,1.6127
2024,Jan,24,1.6125
2024,Jan,25,1.6122
2024,Jan,26,1.6121
2024,Jan,29,1.6130
2024,Jan,30,1.6109
2024,Jan,31,1.6132
2024,Feb,01,1.6147
2024,Feb,02,1.6123
2024,Feb,05,1.6193
2024,Feb,06,1.6215
2024,Feb,07,1.6178
2024,Feb,08,1.6207
2024,Feb,09,1.6232
2024,Feb,13,1.6215
2024,Feb,14,1.6248
2024,Feb,15,1.6241
2024,Feb,16,1.6225
2024,Feb,19,1.6205
2024,Feb,20,1.6225
2024,Feb,21,1.6200
2024,Feb,22,1.6201
2024,Feb,23,1.6204
2024,Feb,26,1.6222
2024,Feb,27,1.6216
2024,Feb,28,1.6230
2024,Feb,29,1.6219
2024,Mar,01,1.6239
2024,Mar,04,1.6219
2024,Mar,05,1.6204
2024,Mar,06,1.6194
2024,Mar,07,1.6164
2024,Mar,08,1.6113
2024,Mar,11,1.6096
2024,Mar,12,1.6084
2024,Mar,13,1.6082
2024,Mar,14,1.6092
2024,Mar,15,1.6128
2024,Mar,18,1.6152
2024,Mar,19,1.6158
2024,Mar,20,1.6170
2024,Mar,21,1.6098
2024,Mar,22,1.6163
2024,Mar,25,1.6114
2024,Mar,26,1.6141
2024,Mar,27,1.6174
2024,Mar,28,1.6165
2024,Apr,01,1.6178
2024,Apr,02,1.6229
2024,Apr,03,1.6200
2024,Apr,04,1.6155
2024,Apr,05,1.6180
2024,Apr,08,1.6204
2024,Apr,09,1.6191
2024,Apr,11,1.6231
2024,Apr,12,1.6256
2024,Apr,15,1.6305
2024,Apr,16,1.6364
2024,Apr,17,1.6308
2024,Apr,18,1.6265
2024,Apr,19,1.6324
2024,Apr,22,1.6315
2024,Apr,23,1.6334
2024,Apr,24,1.6322
2024,Apr,25,1.6322
2024,Apr,26,1.6328
2024,Apr,29,1.6335
2024,Apr,30,1.6304
2024,May,02,1.6300
2024,May,03,1.6226
2024,May,06,1.6201
2024,May,07,1.6198
2024,May,08,1.6243
2024,May,09,1.6233
2024,May,10,1.6214
2024,May,13,1.6215
2024,May,14,1.6215
2024,May,15,1.6173
2024,May,16,1.6085
2024,May,17,1.6139
2024,May,20,1.6150
2024,May,21,1.6181
2024,May,23,1.6210
2024,May,24,1.6252
2024,May,27,1.6241
2024,May,28,1.6205
2024,May,29,1.6204
2024,May,30,1.6219
2024,May,31,1.6222
2024,Jun,03,1.6276
2024,Jun,04,1.6147
2024,Jun,05,1.6131
2024,Jun,06,1.6134
2024,Jun,07,1.6120
2024,Jun,10,1.6212
2024,Jun,11,1.6206
2024,Jun,12,1.6190
2024,Jun,13,1.6149
2024,Jun,14,1.6182
2024,Jun,18,1.6202
2024,Jun,19,1.6203
2024,Jun,20,1.6188
2024,Jun,21,1.6195
2024,Jun,24,1.6222
2024,Jun,25,1.6198
2024,Jun,26,1.6235
2024,Jun,27,1.6251
2024,Jun,28,1.6287
2024,Jul,01,1.6245
2024,Jul,02,1.6255
2024,Jul,03,1.6247
2024,Jul,04,1.6198
2024,Jul,05,1.6172
2024,Jul,08,1.6153
2024,Jul,09,1.6169
2024,Jul,10,1.6169
2024,Jul,11,1.6138
2024,Jul,12,1.6089
2024,Jul,15,1.6060
2024,Jul,16,1.6085
2024,Jul,17,1.6073
2024,Jul,18,1.6047
2024,Jul,19,1.6071
2024,Jul,22,1.6079
2024,Jul,23,1.6074
2024,Jul,24,1.6077
2024,Jul,25,1.6053
2024,Jul,26,1.6041
2024,Jul,29,1.6028
2024,Jul,30,1.6046
2024,Jul,31,1.6048
2024,Aug,01,1.5961
2024,Aug,02,1.5960
2024,Aug,05,1.5788
2024,Aug,06,1.5800
2024,Aug,07,1.5830
2024,Aug,08,1.5780
2024,Aug,12,1.5778
2024,Aug,13,1.5767
2024,Aug,14,1.5704
2024,Aug,15,1.5693
2024,Aug,16,1.5735
2024,Aug,19,1.5639
2024,Aug,20,1.5615
2024,Aug,21,1.5582
2024,Aug,22,1.5566
2024,Aug,23,1.5588
2024,Aug,26,1.5528
2024,Aug,27,1.5540
2024,Aug,28,1.5520
2024,Aug,29,1.5516
2024,Aug,30,1.5541
2024,Sep,02,1.5572
2024,Sep,03,1.5590
2024,Sep,04,1.5568
2024,Sep,05,1.5516
2024,Sep,06,1.5481
2024,Sep,09,1.5516
2024,Sep,10,1.5550
2024,Sep,11,1.5511
2024,Sep,12,1.5529
2024,Sep,13,1.5477
2024,Sep,16,1.5443
2024,Sep,17,1.5445
2024,Sep,18,1.5447
2024,Sep,19,1.5476
2024,Sep,20,1.5434
2024,Sep,23,1.5477
2024,Sep,24,1.5443
2024,Sep,25,1.5354
2024,Sep,26,1.5384
2024,Sep,27,1.5362
2024,Sep,30,1.5289
2024,Oct,01,1.5348
2024,Oct,02,1.5344
2024,Oct,03,1.5431
2024,Oct,04,1.5445
2024,Oct,07,1.5527
2024,Oct,08,1.5527
2024,Oct,09,1.5532
2024,Oct,10,1.5560
2024,Oct,11,1.5545
2024,Oct,14,1.5534
2024,Oct,15,1.5583
2024,Oct,16,1.5561
2024,Oct,17,1.5631
2024,Oct,18,1.5624
2024,Oct,21,1.5583
2024,Oct,22,1.5651
2024,Oct,23,1.5666
2024,Oct,24,1.5712
2024,Oct,25,1.5700
2024,Oct,28,1.5755
2024,Oct,29,1.5758
2024,Oct,30,1.5763
2024,Nov,01,1.5735
2024,Nov,04,1.5661
2024,Nov,05,1.5685
2024,Nov,06,1.5863
2024,Nov,07,1.5785
2024,Nov,08,1.5673
2024,Nov,11,1.5740
2024,Nov,12,1.5820
2024,Nov,13,1.5859
2024,Nov,14,1.5942
2024,Nov,15,1.5921
2024,Nov,18,1.5914
2024,Nov,19,1.5851
2024,Nov,20,1.5866
2024,Nov,21,1.5891
2024,Nov,22,1.5925
2024,Nov,25,1.5923
2024,Nov,26,1.5996
2024,Nov,27,1.5955
2024,Nov,28,1.5898
2024,Nov,29,1.5851
2024,Dec,02,1.5899
2024,Dec,03,1.5893
2024,Dec,04,1.5908
2024,Dec,05,1.5847
2024,Dec,06,1.5816
2024,Dec,09,1.5855
2024,Dec,10,1.5795
2024,Dec,11,1.5804
2024,Dec,12,1.5835
2024,Dec,13,1.5880
2024,Dec,16,1.5906
2024,Dec,17,1.5904
2024,Dec,18,1.5907
2024,Dec,19,1.6005
2024,Dec,20,1.5988
2024,Dec,23,1.5922
2024,Dec,24,1.5952
2024,Dec,26,1.5928
2024,Dec,27,1.5929
2024,Dec,30,1.5871
2024,Dec,31,1.5897
2025,Jan,02,1.5865
2025,Jan,03,1.5958
2025,Jan,06,1.5966
2025,Jan,07,1.5913
2025,Jan,08,1.5910
2025,Jan,09,1.5919
2025,Jan,10,1.5936
2025,Jan,13,1.5915
2025,Jan,14,1.5838
2025,Jan,15,1.5812
2025,Jan,16,1.5816
2025,Jan,17,1.5777
2025,Jan,20,1.5782
2025,Jan,21,1.5717
2025,Jan,22,1.5656
2025,Jan,23,1.5673
2025,Jan,24,1.5646
2025,Jan,27,1.5607
2025,Jan,28,1.5630
2025,Jan,31,1.5641
2025,Feb,03,1.5682
2025,Feb,04,1.5618
2025,Feb,05,1.5519
2025,Feb,06,1.5427
2025,Feb,07,1.5452
2025,Feb,10,1.5418
2025,Feb,11,1.5607
2025,Feb,12,1.5645
2025,Feb,13,1.5552
2025,Feb,14,1.5476
2025,Feb,17,1.5432
2025,Feb,18,1.5449
2025,Feb,19,1.5436
2025,Feb,20,1.5433
2025,Feb,21,1.5411
2025,Feb,24,1.5370
2025,Feb,25,1.5405
2025,Feb,26,1.5347
2025,Feb,27,1.5353
2025,Feb,28,1.5444
2025,Mar,03,1.5463
2025,Mar,04,1.5407
2025,Mar,05,1.5379
2025,Mar,06,1.5312
2025,Mar,07,1.5290
2025,Mar,10,1.5265
2025,Mar,11,1.5270
2025,Mar,12,1.5280
2025,Mar,13,1.5308
2025,Mar,14,1.5360
2025,Mar,17,1.5358
2025,Mar,18,1.5359
2025,Mar,19,1.5363
2025,Mar,20,1.5432
2025,Mar,21,1.5484
2025,Mar,24,1.5569
2025,Mar,25,1.5608
2025,Mar,26,1.5597
2025,Mar,27,1.5597
2025,Mar,28,1.5659
2025,Apr,01,1.5706
2025,Apr,02,1.5682
2025,Apr,03,1.5685
2025,Apr,04,1.5670
2025,Apr,07,1.5721
2025,Apr,08,1.5709
2025,Apr,09,1.5621
2025,Apr,10,1.5464
2025,Apr,11,1.5389
2025,Apr,14,1.5319
2025,Apr,15,1.5343
2025,Apr,16,1.5380
2025,Apr,17,1.5353
2025,Apr,21,1.5317
2025,Apr,22,1.5324
2025,Apr,23,1.5382
2025,Apr,24,1.5352
2025,Apr,25,1.5441
2025,Apr,28,1.5396
2025,Apr,29,1.5387
2025,Apr,30,1.5359
2025,May,02,1.5560
2025,May,05,1.5343
2025,May,06,1.5332
2025,May,07,1.5276
2025,May,08,1.5312
2025,May,09,1.5171
2025,May,13,1.5386
2025,May,14,1.5279
2025,May,15,1.5172
2025,May,16,1.5158
2025,May,19,1.5171
2025,May,20,1.5156
2025,May,21,1.5082
2025,May,22,1.5049
2025,May,23,1.5005
2025,May,26,1.5075
2025,May,27,1.5054
2025,May,28,1.5061
2025,May,29,1.5132
2025,May,30,1.5105
2025,Jun,02,1.5104
2025,Jun,03,1.5064
2025,Jun,04,1.5032
2025,Jun,05,1.4986
2025,Jun,06,1.4976
2025,Jun,09,1.5015
2025,Jun,10,1.5045
2025,Jun,11,1.5049
2025,Jun,12,1.4996
2025,Jun,13,1.4898
2025,Jun,16,1.4892
2025,Jun,17,1.4909
2025,Jun,18,1.4892
2025,Jun,19,1.4872
2025,Jun,20,1.4833
2025,Jun,23,1.4884
2025,Jun,24,1.4890
2025,Jun,25,1.4899
2025,Jun,26,1.4870
2025,Jun,27,1.4917
2025,Jun,30,1.4926
2025,Jul,01,1.4863
2025,Jul,02,1.4867
2025,Jul,03,1.4868
2025,Jul,04,1.4929
2025,Jul,07,1.4900
2025,Jul,08,1.4911
2025,Jul,09,1.4922
2025,Jul,10,1.4952
2025,Jul,11,1.4922
2025,Jul,14,1.4904
2025,Jul,15,1.4926
2025,Jul,16,1.4952
2025,Jul,17,1.4982
2025,Jul,18,1.4927
2025,Jul,21,1.4889
2025,Jul,22,1.4862
2025,Jul,23,1.4803
2025,Jul,24,1.4782
2025,Jul,25,1.4788
2025,Jul,28,1.4817
2025,Jul,29,1.4821
2025,Jul,30,1.4753
2025,Jul,31,1.4774
2025,Aug,01,1.4830
2025,Aug,04,1.4747
2025,Aug,05,1.4670
2025,Aug,06,1.4672
2025,Aug,07,1.4645
2025,Aug,08,1.4659
2025,Aug,11,1.4661
2025,Aug,12,1.4672
2025,Aug,13,1.4640
2025,Aug,14,1.4639
2025,Aug,15,1.4655
2025,Aug,18,1.4663
2025,Aug,19,1.4717
2025,Aug,20,1.4760
2025,Aug,21,1.4789
2025,Aug,22,1.4763
2025,Aug,25,1.4677
2025,Aug,26,1.4646
2025,Aug,27,1.4678
2025,Aug,28,1.4675
2025,Aug,29,1.4629
2025,Sep,01,1.4545
2025,Sep,02,1.4594
2025,Sep,03,1.4644
2025,Sep,04,1.4641
2025,Sep,05,1.4604
2025,Sep,08,1.4586
2025,Sep,09,1.4575
2025,Sep,10,1.4558
2025,Sep,11,1.4559
2025,Sep,12,1.4511
2025,Sep,15,1.4520
2025,Sep,16,1.4511
2025,Sep,17,1.4532
2025,Sep,18,1.4539
2025,Sep,19,1.4525
2025,Sep,22,1.4567
2025,Sep,23,1.4493
2025,Sep,24,1.4479
2025,Sep,25,1.4533
2025,Sep,26,1.4572
2025,Sep,29,1.4546
2025,Sep,30,1.4555
2025,Oct,01,1.4544
2025,Oct,02,1.4516
2025,Oct,03,1.4532
2025,Oct,06,1.4557
2025,Oct,07,1.4544
2025,Oct,08,1.4592
2025,Oct,09,1.4578
2025,Oct,10,1.4622
2025,Oct,13,1.4619
2025,Oct,14,1.4625
2025,Oct,15,1.4676
2025,Oct,16,1.4740
2025,Oct,17,1.4723
2025,Oct,21,1.4728
2025,Oct,22,1.4752
2025,Oct,23,1.4791
2025,Oct,24,1.4799
